Question.Type,service,average,sum,count,,,,,,,,,,,,,,,,,,,,,,,,,,,,,,,,,,,,,,,,,,,,,,,,,,,,,,,,,,,,,,,,,,,,,,,,,,,,,,,,,,,,,,,,,,,,,,,,,,,,,,,,,,,,,,,,,,,,,,,,,,,,,,,,,,,,,,,,,,,,,,,,,,,,,,,,,,,,,,,,,,,,,,,,,,,,,,,,,,,,,,,,,,,,,,,,,,,,,,,,,,,,,,,,,,,,,,,,,,,,,,,,,,,,,,,,,,,,,,,,,,,,,,,,,,,,,,,,,,,,,,,,,,,,,,,,,,,,,,,,,,,,,,,,,,,,,,,,,,,,,,,,,,,,,,,,,,,,,,,,,,,,,,,,,,,,,,,,,,,,,,,,,,,,,,,,,,,,,,,,,,,,,,,,,,,,,,,,,,,,,,,,,,,,,,,,,,,,,,,,,,,,,,,,
Frequency,Borrowing laptops,1.2,426,364,1,1,1,2,1,1,3,1,1,1,1,1,1,4,1,1,1,2,1,1,1,1,1,1,1,1,3,1,1,1,1,1,1,1,1,2,1,1,1,1,1,1,1,1,2,1,1,2,1,1,1,1,1,1,1,,1,1,1,1,1,1,1,1,1,1,1,1,2,1,1,1,1,1,1,3,1,1,2,1,1,1,1,1,1,1,1,2,1,1,1,1,1,1,1,1,1,2,1,2,2,1,1,1,1,1,1,1,1,1,2,1,1,1,1,1,1,1,1,1,1,1,1,1,1,1,1,1,1,1,1,1,1,1,1,2,1,1,1,1,1,1,2,1,1,1,1,2,1,1,1,2,2,2,1,1,1,1,1,1,1,2,1,1,1,1,1,1,1,1,1,1,1,1,1,1,1,1,1,1,1,1,1,2,1,1,1,2,1,1,1,1,1,2,1,1,1,1,1,1,1,,1,1,1,1,1,1,2,1,1,1,1,2,1,1,1,1,1,1,1,1,1,1,,3,1,1,1,3,1,1,1,1,1,1,1,1,1,1,1,1,3,1,4,1,2,1,1,1,2,1,1,1,1,1,1,1,2,1,1,1,1,1,1,1,1,1,1,1,1,1,2,1,1,1,1,1,1,1,1,1,1,1,1,2,1,1,1,1,1,1,1,1,1,1,2,1,1,1,1,1,1,1,1,2,1,1,2,1,2,1,1,2,1,2,1,3,3,1,1,1,1,1,1,1,,,,1,1,1,,,1,1,1,1,,1,,1,,1,1,,,,,1,,1,,,1,1,1,1,,1,,1,1,,1,1,1,,1,1,,,,1,1,,,1,,1,,,,,,,1,,,1,3,,1,,2,,2,,2,1,,1,,,1,,1,1
Frequency,Borrowing technology equipment,1.4,519,364,2,1,1,2,1,1,3,2,1,2,1,1,1,2,2,1,1,2,1,1,1,1,1,2,1,1,3,1,1,1,1,1,1,1,2,2,1,2,2,3,1,1,1,2,1,1,1,2,1,1,4,1,1,1,1,,1,1,2,1,2,1,1,1,2,1,1,2,2,1,1,1,1,1,2,4,1,1,1,1,1,1,1,2,2,2,1,2,1,1,1,1,1,1,1,1,1,1,1,2,4,1,1,1,1,1,2,1,1,2,1,2,1,1,1,1,1,1,1,1,1,1,1,1,3,1,1,2,2,1,1,1,1,1,2,4,1,2,1,1,2,1,5,2,1,1,1,2,1,2,1,1,1,2,1,1,1,3,2,1,1,2,1,1,2,1,5,2,1,1,1,1,2,2,1,1,2,1,1,2,1,1,1,5,1,2,1,2,2,2,1,1,1,3,1,1,1,2,1,2,1,,2,1,3,1,1,1,4,1,2,1,2,3,1,1,1,1,1,1,1,1,1,2,,1,1,1,1,2,1,1,1,1,4,1,2,1,1,1,1,1,3,1,3,1,1,1,2,1,2,1,1,2,2,1,1,2,2,1,1,1,2,1,1,2,1,2,3,1,1,1,2,1,1,1,2,1,1,2,2,1,1,1,4,2,2,5,1,2,1,1,1,1,1,1,1,1,1,2,2,1,1,1,1,2,1,1,2,3,2,1,1,2,1,1,1,2,4,1,1,2,1,1,1,1,,,,1,1,1,,,1,1,1,1,,1,,1,,1,1,,,,,4,,1,,,1,1,1,1,,1,,1,1,,1,1,1,,2,1,,,,1,1,,,1,,1,,,,,,,1,,,1,3,,2,,2,,2,,2,1,,1,,,1,,1,1
Frequency,"Generative AI tools (e.g., ChatGPT, Bard, ChatPDF) for academic or work purposes",2.4,863,362,3,1,1,3,4,3,3,5,2,5,5,2,3,2,1,2,1,4,1,4,4,3,1,2,5,2,4,1,1,3,1,4,5,4,4,4,2,5,5,4,1,1,3,2,3,4,2,2,1,3,1,1,1,1,4,,2,2,1,3,3,2,3,1,1,2,2,,5,2,5,1,3,4,4,4,5,1,1,2,4,2,2,4,4,2,2,4,2,1,3,3,1,1,1,1,1,2,3,4,1,4,1,1,1,2,2,2,3,5,4,2,5,1,2,1,1,3,4,1,1,5,3,4,5,1,3,4,3,4,3,5,4,1,2,4,3,1,2,2,5,1,5,3,4,4,2,1,1,3,1,1,3,4,2,1,3,2,1,1,5,3,3,2,4,1,1,4,2,4,5,3,1,1,2,1,1,1,1,4,1,1,2,3,5,4,3,1,3,2,4,3,2,1,3,2,3,3,3,5,1,,3,1,,1,1,4,3,1,1,1,3,5,1,1,2,5,1,5,2,2,3,3,2,1,4,3,1,4,1,4,1,3,2,1,1,2,1,2,2,1,3,4,2,3,2,2,2,4,1,1,1,4,3,1,2,5,2,4,2,4,1,3,4,1,1,2,5,1,1,5,3,1,1,1,2,1,1,1,2,2,1,4,1,2,1,3,2,5,3,1,4,2,2,1,1,2,1,3,1,1,4,1,1,1,4,2,1,1,3,1,1,,4,1,2,4,3,2,1,4,4,1,1,1,,,,2,4,1,,,1,4,1,2,,2,,1,,1,3,,,,,3,,1,,,2,1,1,1,,2,,1,3,,2,2,1,,1,1,,,,2,4,,,1,,3,,,,,,,1,,,2,1,,5,,3,,5,,3,2,,2,,,4,,2,1
Frequency,Group study spaces in the library,2.8,1012,365,3,3,2,2,2,4,1,5,1,4,2,1,2,2,3,5,5,2,2,2,4,3,2,3,2,2,3,2,2,2,3,2,1,2,1,2,4,1,3,2,2,3,2,3,2,3,3,3,2,2,5,3,2,3,2,,4,3,2,3,5,1,4,2,1,3,3,3,3,3,4,1,2,5,4,4,4,2,4,3,3,2,2,2,2,2,2,4,4,3,4,5,3,2,4,1,5,4,3,3,4,4,4,3,1,1,5,2,3,3,3,2,5,3,3,3,2,3,2,4,1,1,3,3,3,4,2,2,3,4,3,1,5,1,4,5,2,3,3,3,4,4,5,4,4,2,3,2,1,4,3,5,2,3,1,5,5,4,3,1,4,1,3,2,3,2,2,2,4,3,2,3,3,5,3,3,2,4,4,2,4,4,1,4,1,5,4,2,5,5,4,5,2,3,1,2,3,3,3,2,4,,4,3,5,3,3,2,4,2,2,2,3,4,2,2,2,5,2,1,5,3,3,4,2,3,2,2,1,5,4,3,2,3,5,3,2,1,1,2,2,1,1,3,4,3,3,2,3,1,1,3,3,4,4,1,2,2,5,3,3,4,2,5,2,3,2,2,3,3,2,3,4,3,1,1,4,4,1,5,3,4,3,2,3,1,1,1,1,3,3,2,2,1,1,2,2,2,4,4,2,3,3,2,1,2,3,4,2,2,3,3,1,2,1,3,3,5,5,2,4,2,2,2,2,2,,,,2,2,4,,,3,3,3,5,,3,,1,,4,2,,,,,1,,1,,,5,2,3,2,,2,,1,4,,3,3,2,,5,1,,,,5,1,,,2,,1,,,,,,,1,,,5,5,,3,,2,,4,,3,2,,2,,,3,,2,1
Frequency,Interlibrary loan,1.9,671,362,2,1,2,2,3,2,2,2,3,2,1,2,1,1,3,1,2,2,2,2,2,1,2,2,3,3,3,1,3,2,1,2,1,1,2,4,1,1,1,2,1,1,1,3,2,1,2,2,1,1,1,3,1,2,1,,2,2,3,1,3,1,1,2,5,1,1,1,1,1,1,2,3,3,1,2,3,3,3,2,2,3,3,1,2,1,1,2,1,2,2,1,2,1,2,1,1,3,2,1,2,2,1,2,2,4,3,1,1,2,2,1,2,1,2,2,1,1,2,2,1,1,3,1,5,3,1,1,1,2,1,3,3,1,2,4,2,3,3,1,2,1,5,3,1,1,1,2,2,3,1,2,1,3,1,1,1,2,1,2,1,1,1,2,1,3,5,2,2,3,2,1,2,1,2,2,1,2,3,2,1,1,2,3,1,2,2,3,1,2,1,2,1,2,1,1,3,2,1,2,1,,3,1,2,1,1,2,1,4,1,1,1,5,1,1,3,1,1,1,3,1,3,1,2,4,1,1,3,1,3,1,2,1,1,2,1,1,1,1,2,3,1,1,2,1,2,1,2,1,2,2,1,1,4,2,1,1,3,2,1,1,2,1,3,1,1,1,2,3,2,4,5,2,1,2,2,2,2,1,1,2,3,2,1,5,2,1,1,1,1,1,1,1,2,3,2,2,2,2,3,1,,3,3,1,1,2,3,2,2,2,1,3,1,3,1,3,2,1,2,2,3,2,2,2,,,,5,2,1,,,1,1,,2,,1,,2,,2,2,,,,,1,,2,,,3,1,4,2,,1,,1,2,,3,1,,,2,1,,,,1,2,,,3,,2,,,,,,,1,,,3,3,,3,,2,,1,,2,2,,2,,,4,,1,1
Frequency,Library databases (e.g. JSTOR),2.8,1012,362,3,4,4,2,2,2,4,4,4,2,2,5,3,3,2,3,3,4,2,4,3,3,3,4,1,3,5,2,3,3,2,2,4,3,2,4,2,3,3,2,2,3,1,2,3,4,5,4,2,3,2,3,1,4,2,,2,5,3,3,2,3,1,4,5,4,3,3,2,3,4,2,4,2,1,2,3,4,3,2,2,4,2,4,1,4,3,2,4,3,4,5,4,3,3,2,3,3,2,3,,4,3,3,2,3,3,2,2,3,4,2,4,3,1,4,2,2,3,2,1,1,4,4,1,3,3,4,3,2,2,3,3,2,3,5,2,3,4,3,3,1,5,4,4,1,1,2,3,5,2,4,3,4,3,5,1,2,3,4,3,2,1,2,1,3,5,3,3,4,2,2,2,3,3,3,2,2,4,3,4,5,3,5,1,4,3,3,4,3,3,3,1,5,4,1,4,4,3,4,4,,1,1,3,3,2,2,1,4,2,3,3,3,2,2,3,3,3,2,5,3,3,1,3,4,3,3,3,4,2,2,2,1,3,5,3,3,3,1,2,3,2,1,3,2,4,2,2,3,3,3,3,4,4,2,1,4,4,3,4,3,2,4,3,3,3,3,3,3,5,4,5,3,3,2,2,3,3,1,2,3,3,3,3,3,2,4,2,2,1,1,3,2,2,4,1,2,3,2,3,2,,3,1,2,1,3,3,3,4,2,4,3,1,5,1,3,5,2,2,3,1,3,3,3,,,,3,1,2,,,1,1,,4,,2,,3,,2,2,,,,,1,,3,,,5,1,2,3,,2,,2,2,,3,4,2,,4,2,,,,1,2,,,4,,2,,,,,,,1,,,2,4,,5,,2,,2,,3,4,,3,,,3,,1,2
Frequency,Library e-book collections,2.1,747,361,2,1,1,2,3,3,2,4,1,2,1,2,2,1,2,2,5,3,2,4,5,3,3,3,2,3,3,2,3,2,1,1,1,1,1,3,2,1,2,1,1,2,1,2,2,3,,2,2,3,1,3,3,3,3,,1,4,4,1,3,4,1,1,5,1,2,1,1,3,1,2,3,2,1,2,3,1,3,1,2,2,3,2,1,4,1,2,4,2,3,3,2,1,2,1,2,3,1,1,1,2,1,3,2,1,2,2,2,2,3,1,2,1,1,1,2,1,3,1,1,1,2,3,5,1,3,3,1,1,1,2,1,1,2,3,2,2,3,2,3,1,1,3,2,1,2,2,1,2,1,5,2,3,3,3,1,1,3,3,1,1,2,2,1,2,5,2,2,4,1,1,2,1,2,2,2,2,2,2,1,3,3,4,1,3,5,3,3,3,1,1,1,4,4,1,3,3,1,1,2,,1,1,,1,1,1,1,2,2,3,2,3,1,2,3,1,2,2,5,1,3,5,2,2,2,1,2,1,3,1,1,1,2,1,1,1,2,1,1,3,1,1,3,1,3,2,3,1,1,2,2,2,1,2,1,1,3,1,1,1,2,1,2,2,2,2,2,3,1,4,4,2,3,2,1,2,2,1,2,3,4,2,2,3,1,2,1,1,1,1,1,2,2,2,5,2,4,2,3,1,,2,1,2,1,2,3,3,2,1,3,3,1,1,1,3,5,1,3,2,2,1,2,3,,,,5,2,3,,,1,1,,2,,1,,2,,4,1,,,,,1,,2,,,3,1,4,2,,1,,1,2,,3,3,2,,1,2,,,,4,2,,,2,,2,,,,,,,1,,,3,5,,3,,2,,1,,1,4,,4,,,4,,1,2
Frequency,Library reference/research services,2.5,896,363,3,1,4,1,4,2,3,5,1,2,2,1,1,5,2,3,4,3,2,4,4,2,2,2,2,3,3,3,3,2,2,2,4,1,2,5,3,1,1,2,2,2,1,2,3,2,2,2,2,2,2,3,1,3,1,,1,4,2,3,2,2,3,5,5,2,2,,3,1,1,2,2,2,4,2,4,1,4,2,2,3,2,4,2,3,1,3,2,2,3,3,3,1,4,1,4,2,3,5,1,3,3,3,3,3,4,4,2,2,3,2,3,3,1,3,2,2,3,2,1,5,4,4,5,1,4,2,2,3,3,3,1,2,2,3,2,3,2,2,3,1,1,5,3,1,3,3,3,3,1,2,1,4,3,4,3,3,3,3,2,1,1,2,2,3,3,3,2,5,2,1,2,2,2,3,1,2,3,4,1,2,3,2,1,4,3,3,4,3,3,3,2,2,4,1,2,3,1,2,3,,2,1,,1,2,2,1,4,2,2,3,2,1,2,1,2,3,1,3,2,3,1,4,3,3,1,4,3,4,3,1,2,3,2,2,2,2,2,1,2,2,1,3,2,4,2,3,1,2,2,2,3,2,3,1,3,4,1,3,1,3,1,4,3,2,3,2,4,3,5,4,1,3,2,2,3,3,2,3,2,2,3,4,3,2,2,1,2,4,1,2,3,1,3,4,3,3,3,3,1,4,2,4,3,1,1,5,2,2,2,4,4,1,1,2,3,5,2,2,3,2,2,2,3,,,,4,3,3,,,2,2,3,2,,1,,2,,2,1,,,,,1,,2,,,3,1,1,2,,2,,2,2,,3,2,2,,3,2,,,,3,2,,,3,,3,,,,,,,1,,,3,4,,2,,4,,2,,2,4,,3,,,3,,4,2
Frequency,Library Subject Guides (go/guides),1.5,553,361,1,1,2,1,2,2,2,2,1,1,1,1,1,1,2,4,2,2,2,1,3,1,1,2,1,1,3,2,1,1,1,1,1,1,1,3,2,1,1,1,2,3,1,1,2,1,2,2,1,1,1,1,1,1,1,,1,2,1,2,1,1,1,1,1,1,2,2,1,2,1,1,1,2,1,2,1,1,1,1,2,1,2,3,1,2,1,2,1,3,1,5,2,1,3,1,1,1,1,1,1,4,3,3,1,1,3,1,1,1,2,1,3,2,1,1,2,2,2,1,1,1,1,1,1,1,3,2,1,1,1,1,1,1,1,1,1,2,3,1,1,1,1,2,1,1,1,2,2,2,1,3,3,2,1,3,1,1,3,1,2,1,1,2,1,1,5,1,1,2,1,1,1,2,1,3,1,2,3,2,1,1,1,1,1,2,1,3,1,2,1,1,1,2,4,1,1,3,1,1,2,,1,1,,1,1,1,1,1,2,1,1,1,1,1,3,1,2,1,1,1,2,1,1,2,1,1,1,1,3,1,1,1,1,2,1,2,2,2,1,1,1,1,1,1,1,1,2,1,2,2,1,1,1,2,1,1,4,1,1,1,1,1,1,2,1,1,1,1,5,3,2,2,1,1,1,1,1,1,2,3,2,2,1,4,1,,1,1,1,1,1,1,1,1,4,1,4,3,3,1,2,1,1,3,1,1,3,1,1,1,1,3,1,1,1,2,3,1,2,3,1,1,1,3,,,,1,2,3,,,1,1,,2,,1,,1,,1,1,,,,,1,,1,,,1,1,5,1,,1,,1,2,,2,3,3,,1,1,,,,1,2,,,3,,1,,,,,,,1,,,,1,,1,,2,,1,,1,2,,4,,,1,,1,1
Frequency,LibrarySearch (go/primo),1.8,641,361,1,1,4,2,3,1,2,4,1,2,1,1,1,1,3,4,2,2,2,1,3,1,1,1,1,1,3,2,1,1,3,1,1,1,1,4,2,1,1,3,2,3,1,1,2,1,2,2,1,1,1,2,1,1,1,,1,2,4,3,3,2,1,1,5,1,2,2,1,3,1,2,3,2,1,2,3,1,1,2,2,2,2,3,1,3,1,3,1,1,3,5,1,2,3,1,1,1,3,1,1,1,3,3,1,2,3,1,2,1,3,1,4,3,1,4,2,3,1,1,5,1,1,1,1,1,3,3,1,1,1,3,1,1,1,1,1,1,3,1,2,1,1,2,1,1,1,2,1,5,1,4,3,2,3,3,1,1,1,1,2,1,1,2,1,1,5,1,1,1,1,1,1,2,1,1,1,2,4,1,1,1,3,1,1,3,1,3,3,1,1,3,1,2,5,1,1,4,1,2,1,,1,1,,1,2,1,1,3,2,2,1,1,1,1,3,1,2,1,1,2,1,1,1,3,1,1,1,1,2,1,1,1,1,2,2,2,2,2,1,1,1,1,1,1,4,1,2,1,2,1,1,1,1,2,1,1,3,1,1,1,2,1,1,2,1,1,2,1,5,3,2,1,3,1,1,1,3,1,2,2,2,3,1,,1,,1,1,1,1,1,3,1,1,4,2,4,3,3,1,4,2,1,2,1,1,4,1,1,1,2,3,1,1,1,4,5,1,2,4,1,3,1,2,,,,2,2,3,,,2,4,,1,,1,,1,,1,1,,,,,1,,3,,,3,1,5,2,,2,,1,2,,1,3,3,,1,1,,,,1,2,,,3,,1,,,,,,,1,,,1,1,,1,,2,,1,,2,4,,2,,,2,,1,2
Frequency,Physical library collections,1.9,695,361,1,1,3,1,3,1,2,3,1,1,1,1,1,1,3,2,3,1,2,1,2,1,3,2,1,3,3,3,3,2,3,1,1,1,1,3,2,1,2,3,2,1,1,4,1,2,3,1,2,1,1,2,1,2,1,,1,1,2,1,2,1,1,5,3,2,2,1,1,1,1,2,1,2,5,3,3,3,4,2,2,1,2,3,1,2,2,3,3,2,2,3,2,2,1,2,1,2,1,1,1,2,3,3,2,1,2,3,1,1,2,2,2,3,1,2,2,2,2,3,5,1,1,2,1,1,2,2,2,2,2,2,1,1,1,1,1,1,3,1,2,2,2,2,2,1,2,2,1,3,1,2,2,3,2,2,1,1,3,2,1,1,1,2,1,2,5,2,2,1,2,1,2,1,2,2,1,2,2,1,1,1,2,3,1,2,4,3,3,3,1,3,1,3,4,1,3,2,1,3,2,,1,3,3,1,2,1,1,2,1,3,2,3,1,3,1,5,2,1,1,1,1,1,2,2,2,1,2,1,3,1,1,1,1,3,2,1,2,2,1,1,2,1,2,,3,2,3,1,1,2,1,2,,2,1,4,2,1,3,1,2,4,1,2,2,2,1,3,5,4,3,2,1,1,1,4,2,1,1,3,2,2,4,4,3,3,1,2,1,1,1,2,1,2,5,2,2,2,2,1,,2,1,2,1,2,3,3,2,3,3,3,2,3,1,3,5,2,2,2,2,1,2,2,,,,2,3,3,,,1,1,,2,,1,,1,,1,1,,,,,1,,2,,,3,1,4,2,,1,,1,2,,2,3,2,,1,1,,,,1,2,,,2,,1,,,,,,,1,,,2,3,,2,,2,,1,,2,4,,2,,,3,,1,2
Importance,Borrowing laptops,2.1,607,289,3,3,1,2,3,,4,2,3,2,1,4,1,4,4,2,,4,1,,2,1,4,2,2,1,4,1,3,2,2,1,,,1,2,2,1,3,2,1,2,1,,4,,2,2,1,2,,,1,,1,,1,2,,4,1,2,3,1,2,1,3,2,3,,1,1,3,3,1,4,1,4,4,2,2,1,2,1,3,1,1,3,2,2,3,,2,,3,,,3,2,3,3,4,1,3,,1,2,1,1,1,2,,2,3,1,1,3,3,3,2,,1,,1,2,4,1,1,3,,3,,,2,2,4,4,1,1,1,2,1,4,1,2,3,3,3,2,3,2,4,4,3,1,2,2,4,2,1,2,3,1,1,2,1,3,3,1,1,1,3,4,1,,1,3,,2,,1,3,,2,,2,2,4,1,,,2,,4,3,1,2,,3,2,1,,4,4,4,4,1,3,4,,1,1,2,4,4,,,1,2,2,1,1,1,1,2,3,1,,3,3,1,,1,1,,,,1,2,3,2,3,4,4,4,,4,1,2,2,2,1,1,3,1,,1,1,2,1,1,1,3,3,1,1,2,1,,,3,2,2,3,,2,1,,2,1,2,2,1,2,1,4,,,1,1,2,3,2,1,2,4,2,1,1,,2,1,1,1,4,3,1,1,3,4,4,,1,4,1,3,1,4,2,,1,3,1,,,,,,,1,,,,,1,3,,2,,1,,3,,,3,,,,,,,,,,,1,3,,,1,,,1,,1,1,,,,1,,,,,,,,,,,,,,,,,,,,,,,1,,3,,,,2,1,,,,,,,2,
Importance,Borrowing technology equipment,2.3,684,301,3,2,1,2,3,,4,2,,3,2,4,1,3,4,2,,4,1,,2,1,4,2,2,1,4,2,3,2,2,1,,,1,3,2,3,3,4,1,2,1,2,4,,2,2,1,2,3,,1,,2,,1,2,2,4,3,2,3,2,3,1,3,2,3,,1,1,2,3,2,4,1,4,4,2,,1,2,2,3,2,3,3,1,2,3,,2,,3,,,3,2,3,3,4,1,3,,1,2,2,1,2,2,2,2,3,1,1,3,3,3,3,,1,,1,3,4,1,2,3,,3,,,2,3,4,4,2,1,1,3,1,4,2,2,3,3,3,2,3,2,4,2,3,1,2,3,4,3,1,2,3,1,1,2,1,3,3,1,1,1,3,4,1,,1,3,,2,3,1,3,,4,4,3,2,4,2,2,,2,,4,3,1,3,,3,2,1,,4,4,4,4,1,3,4,,2,1,2,4,2,,3,1,2,1,1,1,1,2,4,3,3,,3,3,2,,1,1,3,,3,2,2,3,1,3,4,4,3,,4,1,3,1,2,1,1,2,1,,1,2,2,1,1,2,3,3,2,1,2,2,3,,3,2,2,3,,2,2,3,2,2,3,2,1,2,2,4,2,,1,2,2,3,2,1,3,3,1,1,2,2,3,1,2,1,4,3,1,1,3,4,4,,1,4,1,1,3,4,4,,1,4,1,,,,,,,1,,,,,2,3,,2,,1,,3,,,3,,,,,,,,,,,1,3,,,1,,,1,,1,1,,,,1,,,,,,,,,,,,,,,,,,,,,,,1,,3,,,,2,1,,,,,,,2,
Importance,"Generative AI tools (e.g., ChatGPT, Bard, ChatPDF) for academic or work purposes",2.0,627,319,3,2,,2,2,3,2,3,1,3,4,1,2,2,1,2,1,4,1,4,2,4,1,1,3,1,1,1,1,2,1,4,4,3,2,3,2,4,3,2,1,1,3,2,3,3,2,2,1,4,1,1,1,,3,,2,2,1,2,1,1,1,1,1,1,3,2,4,,2,1,3,3,4,3,2,1,1,2,,2,1,3,2,1,1,3,1,,2,4,1,1,1,1,1,2,2,2,1,2,1,1,,1,1,1,2,3,2,2,3,,1,,1,2,3,1,1,4,2,2,4,2,2,2,2,3,2,4,2,1,2,4,2,1,1,,3,1,4,3,3,2,,1,1,2,1,1,2,2,2,,3,4,3,1,3,2,2,1,4,1,1,3,1,3,4,2,2,,1,1,1,1,1,3,2,,1,2,4,4,4,1,3,2,3,2,2,1,2,2,2,2,2,4,1,,2,1,2,,1,2,2,2,1,1,3,4,1,1,2,3,1,3,4,2,4,2,1,1,3,2,1,4,1,2,1,2,1,4,,1,,2,1,1,2,4,2,,1,2,1,2,1,1,1,2,3,,1,4,4,2,1,2,1,2,3,1,1,1,3,1,1,3,1,1,,1,2,1,1,,2,2,1,4,1,2,1,,2,4,2,1,4,1,2,1,1,1,1,2,1,1,2,1,1,,2,1,1,1,1,1,1,,4,1,1,3,4,,1,4,3,,,,,,,1,,,,,1,4,,2,,2,,2,,,2,,,,,,,,,,1,1,1,,,1,,,2,,2,2,,,,1,,,,,,,,2,,,,,,,,,,,,,,,1,,3,,4,,2,1,,,,,,,3,
Importance,Group study spaces in the library,3.2,1031,326,3,4,4,2,3,4,1,4,4,3,1,4,1,4,3,4,4,4,2,,4,3,4,3,3,4,3,3,4,2,4,2,2,2,1,3,3,2,4,2,4,4,3,4,3,3,4,3,1,4,4,4,3,3,3,,4,3,3,3,4,2,3,1,2,3,3,3,3,,4,1,4,,4,4,2,2,4,3,2,2,3,3,4,2,3,4,3,4,4,4,4,2,3,4,4,4,4,4,4,4,3,3,,3,4,3,3,3,2,2,4,4,3,3,3,4,3,4,,1,3,2,4,4,2,3,4,4,4,3,4,2,4,4,4,4,3,3,4,4,4,4,3,3,4,4,3,4,4,4,2,3,1,4,4,,4,1,4,2,3,3,4,1,3,2,2,3,4,3,4,4,3,4,4,4,4,3,4,4,,4,4,4,3,4,4,4,4,4,,4,2,2,3,3,4,2,4,,4,4,4,,2,4,4,3,3,3,4,4,2,3,3,4,2,2,4,2,4,4,4,4,3,3,3,2,4,3,2,4,4,4,2,2,1,4,4,2,1,4,3,,4,2,4,2,1,2,2,4,2,3,1,2,,3,4,3,4,4,3,3,4,2,4,4,3,4,4,4,,3,4,4,2,4,4,4,3,4,3,2,,,2,4,4,4,3,1,2,3,1,3,4,3,4,3,3,3,4,3,2,3,3,4,4,3,1,3,1,4,4,4,4,,3,4,3,,,,,,,2,,,,,3,4,,4,,3,,3,,,3,,,,,,,,,,4,3,3,,,2,,,3,,3,3,,,,1,,,,,,,,4,,,,,,,,,,,,,,,,,3,,,,3,2,,,,,,,2,
Importance,Interlibrary loan,2.7,866,322,3,3,4,2,3,4,3,3,4,3,1,4,3,,4,2,3,4,2,3,1,2,4,3,3,4,3,1,4,2,2,3,,,2,4,2,2,2,3,2,2,1,4,4,,4,2,1,2,,4,1,4,1,,1,3,4,,4,2,3,2,4,2,2,2,1,,1,2,3,3,1,3,3,4,4,2,3,4,4,1,2,1,2,4,2,3,4,2,2,,4,4,,4,2,3,4,3,2,2,3,4,4,3,3,3,2,2,2,4,2,4,3,2,2,4,1,1,4,2,4,3,2,4,3,4,2,4,4,1,4,4,4,4,4,2,3,1,4,4,2,3,3,4,3,4,1,3,2,3,2,,3,4,1,3,2,2,1,3,3,2,3,3,1,4,3,3,4,1,2,4,3,3,3,4,1,1,4,4,4,3,2,4,2,3,1,3,,2,3,2,3,3,1,2,1,,1,4,4,4,2,4,1,4,3,2,3,4,2,2,3,2,2,1,1,1,4,1,3,,1,,4,3,3,,2,2,,4,1,2,2,3,3,3,3,4,2,,4,2,3,1,2,3,1,2,3,3,1,2,4,2,1,1,4,2,3,2,3,2,3,4,3,4,3,4,,3,2,4,3,1,2,3,2,4,1,4,2,,1,2,1,1,1,1,4,4,4,3,2,2,4,2,3,4,4,3,1,2,4,4,2,4,2,4,3,3,2,4,4,,3,4,4,,,,,,,4,,,,,1,1,,2,,2,,3,,,4,,,,,,,,,,4,1,3,,,2,,,2,,4,1,,,,1,,,,,,,,4,,,,,,,,,,,,,,,,,3,,,,2,2,,,,,,,2,
Importance,Library databases (e.g. JSTOR),3.3,1112,335,3,3,4,3,4,4,4,4,4,3,2,4,2,4,4,3,4,4,2,3,2,4,4,4,1,4,3,2,4,4,3,4,2,4,2,4,4,4,3,3,4,4,1,3,4,4,4,4,3,4,2,4,1,4,3,,3,4,4,3,2,2,3,3,4,4,3,3,2,,4,3,3,3,1,3,3,4,4,3,3,4,3,4,2,4,4,3,4,4,4,3,4,3,4,4,4,4,2,3,4,4,3,4,4,4,4,3,4,3,3,2,2,4,1,4,3,3,3,4,2,1,4,4,4,4,4,4,4,3,4,4,4,4,4,4,4,3,4,4,3,1,4,4,3,3,3,4,3,4,4,4,3,3,4,4,3,4,4,4,4,3,1,2,3,2,3,4,3,4,3,3,4,3,3,4,4,3,4,4,4,4,4,4,4,4,3,4,4,3,3,4,,4,4,3,4,3,2,3,4,,4,4,4,4,2,4,1,4,3,3,4,3,2,3,4,4,4,4,4,3,4,2,4,4,3,3,4,2,2,,2,4,4,4,3,4,4,3,3,3,3,4,4,,4,3,3,1,3,3,3,4,3,3,1,2,4,4,4,3,4,4,3,4,4,3,3,3,3,4,4,4,4,3,2,4,4,1,4,4,3,4,4,4,4,,2,3,1,2,4,2,2,4,4,3,3,2,4,4,4,4,3,3,2,4,4,4,4,3,4,4,4,4,4,4,4,,3,4,4,,,,,,,4,,,,,1,1,,3,,2,,3,,,3,,,,,,,,,,4,1,3,,,3,,,2,,4,3,,,,2,,,,,,,,4,,,,,,,,,,,,,,,,,3,,,,2,4,,,,,,,2,
Importance,Library e-book collections,2.8,903,327,3,2,2,2,3,4,3,4,3,3,1,4,2,3,4,2,4,4,2,3,4,4,3,4,3,4,3,3,4,2,2,,4,3,1,4,3,4,3,,2,2,1,3,4,4,4,2,2,3,2,3,2,4,4,,1,4,4,,3,2,3,2,3,1,3,2,2,,1,2,3,3,1,2,3,3,4,2,2,4,3,2,,3,1,4,4,3,4,4,2,2,3,3,3,4,1,3,4,4,2,2,3,4,3,3,4,2,2,1,2,2,1,3,3,3,4,3,1,1,,3,4,3,2,3,3,2,4,3,3,2,4,3,4,3,3,4,4,1,4,3,3,3,3,4,2,2,3,4,2,3,3,3,2,3,3,3,3,1,2,3,2,2,4,3,1,3,2,3,3,2,2,3,4,3,3,3,1,2,3,4,4,4,3,4,3,3,1,2,,4,4,2,3,3,1,2,4,,3,4,4,,1,4,2,3,2,3,3,4,2,4,4,3,3,4,4,1,4,4,4,3,4,3,3,2,2,,1,2,2,,2,2,2,3,1,4,3,4,3,,4,1,3,1,1,3,2,4,,3,1,2,3,2,2,1,4,2,3,3,3,2,3,4,1,4,3,3,4,1,1,4,3,1,3,2,3,4,3,3,1,,1,2,1,2,1,2,4,3,4,3,4,2,4,1,2,4,4,3,1,4,2,4,3,2,4,3,3,3,3,4,4,,2,3,3,,,,,,,4,,,,,1,1,,2,,2,,3,,,3,,,,,,,,,,4,1,3,,,1,,,1,,4,1,,,,2,,,,,,,,2,,,,,,,,,,,,,,,4,,3,,,,1,4,,,,,,,,
Importance,Library reference/research services,2.7,894,329,3,2,4,1,2,3,3,4,3,3,1,1,2,3,3,3,4,2,4,3,3,3,4,3,1,4,3,3,4,1,3,3,2,3,1,4,3,3,2,2,2,3,1,,4,2,3,2,2,3,3,2,2,4,1,,1,4,3,4,2,2,3,4,4,2,3,2,2,,2,3,3,3,4,2,3,3,3,3,2,4,2,3,,2,3,3,2,2,4,4,3,4,4,3,,3,2,3,4,3,3,3,3,4,3,3,3,3,2,2,2,4,1,3,3,4,3,3,4,1,3,3,4,3,3,4,3,3,4,3,,2,3,1,4,4,3,1,3,1,1,3,3,3,3,4,2,4,2,4,2,3,2,2,4,3,2,2,2,2,1,2,2,2,4,4,1,2,1,3,3,2,3,3,4,3,3,2,1,2,3,2,4,4,3,4,3,3,1,3,,3,4,2,3,3,2,2,4,,2,4,4,4,2,4,2,3,2,2,4,2,2,2,2,2,3,,4,2,4,2,4,3,2,2,2,2,3,,1,2,2,4,3,,3,3,1,3,3,4,2,,4,2,3,1,2,3,2,3,1,3,1,3,3,3,2,1,4,3,2,3,3,2,2,3,3,4,3,3,,2,1,3,2,1,3,3,3,4,3,4,4,,1,3,1,2,3,3,4,3,4,3,3,2,4,1,3,3,4,3,1,4,4,3,1,2,3,3,1,2,3,3,4,,2,4,3,,,,,,,2,,,,,1,3,,3,,2,,3,,,3,,,,,,,,,,4,1,3,,,2,,,1,,3,3,,,,2,,,,,,,,4,,,,,,,,,,,,,,,4,,3,,,,2,3,,,,,,,3,
Importance,Library research instruction for academic courses,2.5,819,324,1,2,4,1,3,3,2,4,3,3,1,1,2,3,3,4,3,2,2,3,2,3,4,3,1,4,3,2,4,2,3,2,3,3,1,4,3,4,2,,2,3,1,1,4,2,4,2,2,3,3,2,2,2,2,,1,2,,,2,2,3,4,1,3,3,1,2,,1,3,3,3,4,2,1,3,3,3,2,3,2,2,,2,2,3,4,2,2,4,2,4,2,3,,3,1,3,4,4,2,3,3,4,3,2,3,3,2,2,2,4,1,1,3,4,3,2,4,1,3,3,1,3,3,3,3,4,2,,3,2,1,1,4,4,2,3,3,1,1,3,2,3,3,4,3,3,2,4,2,3,2,2,4,3,4,3,2,2,1,3,2,2,4,2,1,3,1,3,3,2,1,3,4,3,3,3,1,3,2,4,4,3,3,4,3,3,4,2,,2,4,2,3,3,1,2,4,,2,4,3,4,1,4,2,,2,2,4,1,2,2,2,2,2,,4,2,4,2,3,3,2,,4,2,3,,1,1,3,3,3,,3,3,2,2,2,4,3,,4,2,2,1,2,3,1,3,2,3,1,3,3,2,1,1,4,3,2,3,3,2,2,,3,4,2,3,,2,1,2,1,1,3,3,2,4,2,4,2,,2,3,1,2,3,1,4,3,4,3,2,2,3,1,3,1,4,3,1,2,2,3,2,2,2,3,3,2,3,3,4,,2,3,3,,,,,,,1,,,,,1,3,,2,,2,,3,,,3,,,,,,,,,,2,1,3,,,2,,,1,,3,3,,,,1,,,,,,,,2,,,,,,,,,,,,,,,2,,3,,,,1,3,,,,,,,3,
Importance,Library Subject Guides (go/guides),2.1,641,301,1,2,2,1,2,4,2,4,3,3,1,1,3,2,2,3,2,2,1,,,1,2,3,1,,3,2,4,1,2,,2,,1,4,3,3,2,,2,3,1,,4,,2,2,2,1,,2,2,,1,,1,3,,,1,2,3,1,1,1,3,2,1,,1,2,3,3,1,2,1,3,2,1,2,1,2,1,,2,2,3,2,2,,4,2,,4,,,3,1,3,4,3,3,3,,4,3,2,2,2,2,1,2,3,1,1,3,3,2,1,4,1,1,2,1,3,2,2,3,3,2,,2,1,2,1,4,3,2,,,1,1,3,2,3,3,4,3,3,1,4,2,3,2,3,2,3,2,1,2,1,1,2,2,2,3,,1,1,1,3,3,2,,3,2,3,3,2,1,2,1,1,4,3,3,4,2,,1,2,,2,4,2,,3,1,2,3,,1,4,2,4,1,4,2,3,2,2,3,2,2,1,3,1,3,,1,1,4,1,,2,1,,2,2,3,,1,1,,3,2,,2,3,1,1,2,4,2,,2,1,2,1,2,3,1,2,1,3,1,1,3,1,1,1,1,2,1,3,3,1,,2,3,3,2,3,,1,1,1,1,1,2,3,2,4,2,4,,,1,2,1,2,1,1,4,1,4,2,3,1,4,1,2,1,4,3,1,1,3,2,1,,1,3,3,1,3,3,4,,2,3,2,,,,,,,1,,,,,1,1,,3,,2,,3,,,3,,,,,,,,,,2,1,3,,,2,,,1,,2,3,,,,2,,,,,,,,4,,,,,,,,,,,,,,,1,,3,,,,1,3,,,,,,,,
Importance,LibrarySearch (go/primo),2.3,710,305,1,2,4,2,2,2,3,4,3,3,1,1,3,3,3,3,2,2,1,,3,1,2,2,1,,3,2,4,1,3,,2,,1,4,3,2,2,3,2,3,1,,4,,2,2,2,1,,2,2,,1,,1,2,4,,3,2,3,4,4,1,3,1,1,,1,2,3,3,1,2,4,3,3,2,2,1,2,2,,3,2,2,2,,4,4,2,2,4,3,,3,2,3,4,,3,3,,4,3,3,4,2,2,1,2,3,1,4,3,3,1,1,4,1,1,2,1,3,3,3,3,,2,3,,1,2,1,4,2,2,,,1,1,3,2,3,3,4,2,3,1,4,2,2,3,2,2,3,,1,2,1,1,2,2,2,4,,1,1,1,3,3,2,,3,4,3,3,1,1,1,3,1,4,3,3,4,4,2,1,2,,1,4,2,1,3,1,,1,,1,4,4,4,2,4,2,4,2,2,3,1,2,1,3,1,3,,1,3,4,1,,3,1,,2,2,2,,1,1,,4,2,,3,3,1,1,2,4,2,,4,1,2,1,1,2,1,2,1,3,1,1,3,2,1,1,4,2,1,3,3,1,,2,3,2,2,3,4,1,2,2,4,1,2,4,2,4,2,3,,,1,2,1,2,1,3,4,1,4,2,3,1,4,1,4,3,4,3,1,3,4,2,1,,3,3,3,1,3,3,4,,2,4,2,,,,,,,4,,,,,1,3,,2,,2,,3,,,3,,,,,,,,,,4,1,3,,,2,,,1,,1,3,,,,1,,,,,,,,3,,,,,,,,,,,,,,,1,,3,,,,2,4,,,,,,,,
Importance,Overall library service,3.3,1122,336,3,3,4,3,3,4,4,4,4,3,2,2,3,3,4,3,4,4,4,3,3,4,4,4,,4,4,4,4,3,4,3,2,3,1,4,3,3,3,3,3,4,1,4,4,3,4,4,3,4,2,3,3,4,3,,3,3,4,4,2,2,3,4,4,3,3,4,2,,3,4,4,3,4,4,3,4,4,4,3,4,4,3,4,3,3,4,3,4,4,4,3,4,3,4,4,4,3,4,4,4,3,4,3,4,4,4,2,3,2,3,3,4,3,4,3,4,4,4,4,1,3,4,4,4,3,3,4,4,4,2,4,3,4,4,4,3,3,3,3,1,4,4,3,3,4,3,4,3,3,4,2,4,3,3,4,4,4,3,2,3,2,3,4,3,3,3,2,4,3,3,4,2,3,4,3,3,4,4,3,3,4,4,4,4,2,4,4,3,4,4,,3,4,3,3,3,3,3,3,,4,4,4,4,2,4,4,3,3,3,4,4,3,3,3,4,4,4,4,2,4,4,4,4,4,2,3,3,3,2,2,3,3,4,4,3,4,3,2,3,4,4,3,,4,3,3,1,3,3,3,3,4,4,1,3,4,3,3,2,4,4,3,3,4,3,3,3,3,3,4,4,3,4,3,4,3,3,4,3,3,4,3,4,4,,2,3,4,3,2,3,2,3,4,3,4,3,4,4,4,3,4,3,1,3,4,4,4,3,4,4,4,4,4,4,4,,3,4,3,,,,,,,2,,,,,3,4,,4,,2,,3,,,4,,,,,,,,,,4,3,3,,,3,,,2,,3,4,,,,3,,,,,,,,4,,,,,,,,,,,,,,,4,,3,,,,3,4,,,,,,,2,
Importance,Physical library collections,2.6,860,326,1,2,4,1,4,3,3,3,3,2,1,1,2,3,4,2,3,2,2,2,2,1,4,2,1,4,3,3,4,2,4,,2,,1,4,3,2,3,4,3,2,2,4,2,3,4,2,2,2,3,2,2,2,1,,2,2,3,,3,2,3,4,4,3,3,3,2,,1,2,3,3,4,2,2,3,4,2,2,3,2,4,,2,4,4,3,3,3,4,2,4,2,4,,4,1,3,4,4,3,2,3,2,2,4,2,2,1,2,2,4,1,3,3,3,3,4,4,1,,3,4,3,1,3,3,3,3,3,2,1,2,4,4,2,3,,3,1,4,3,2,3,3,4,1,3,1,3,2,4,2,2,2,3,1,3,3,2,1,2,2,2,3,3,1,1,2,3,3,2,3,3,4,3,3,2,1,1,2,3,4,3,3,4,3,3,1,2,,3,4,2,3,2,1,2,3,,1,4,4,4,2,4,2,2,2,3,3,4,2,4,1,4,3,2,4,1,4,2,4,3,4,,3,2,2,,1,2,,4,3,2,2,3,1,2,3,4,2,,4,2,3,1,1,3,1,3,1,3,1,3,3,2,3,1,4,4,1,3,3,2,2,4,3,4,3,3,,1,1,4,3,1,2,4,2,4,3,4,4,,1,2,1,3,1,2,4,3,4,3,2,2,4,1,1,4,4,3,1,4,4,4,2,3,4,3,3,3,3,4,4,4,2,4,3,,,,,,,3,,,,,1,1,,3,,3,,3,,,3,,,,,,,,,,4,1,3,,,1,,,2,,4,4,,,,1,,,,,,,,2,,,,,,,,,,,,,,,1,,3,,,,2,4,,,,,,,,
Importance,"Support for the use of Generative AI Tools (e.g., ChatGPT, Bard, ChatPDF)",1.9,605,317,3,3,1,2,1,4,1,4,2,2,3,1,2,4,1,2,2,4,1,3,2,1,1,1,2,1,1,1,1,1,1,2,4,1,3,2,2,3,2,1,1,1,4,2,4,2,3,2,1,4,1,1,1,,3,,2,2,1,2,1,1,1,1,1,1,3,1,4,,2,1,2,3,4,3,1,2,1,3,,1,1,3,2,1,1,3,1,,2,4,1,1,1,2,1,2,2,2,1,2,1,1,,1,1,1,2,2,2,1,3,,1,,1,,4,1,1,4,3,3,4,2,1,1,2,4,2,2,3,1,2,4,4,1,1,,2,1,1,2,3,4,,1,3,2,1,2,2,2,2,,4,3,3,1,2,2,2,1,4,1,1,2,1,3,4,2,3,,1,1,1,1,1,3,3,1,1,3,4,3,4,1,3,1,2,2,2,1,2,2,1,2,3,4,1,,2,1,,,1,2,3,2,1,1,2,4,2,1,2,1,1,3,3,3,4,2,3,1,1,1,1,4,,2,1,2,1,4,,1,,2,1,1,2,4,2,,1,2,2,2,1,1,2,,1,,1,1,4,1,1,2,1,2,3,1,1,1,3,1,1,3,2,1,,1,2,1,1,,2,1,1,4,1,2,1,,1,3,2,1,1,1,4,1,1,1,2,2,1,2,2,1,1,,2,1,1,2,1,,1,4,4,1,2,3,4,,1,3,3,,,,,,,1,,,,,1,4,,2,,1,,2,,,2,,,,,,,,,,1,1,1,,,1,,,2,,2,2,,,,1,,,,,,,,2,,,,,,,,,,,,,,,1,,3,,2,,1,1,,,,,,,3,
Importance,The library schedule,2.8,933,330,2,4,3,1,3,4,2,3,4,2,1,4,3,2,2,2,3,4,2,1,2,3,3,3,1,2,3,3,4,2,3,3,2,3,1,4,2,4,4,4,4,3,4,4,4,,3,4,1,4,3,2,2,2,3,,2,3,3,,1,2,3,4,2,3,3,2,3,,1,3,4,2,3,4,1,3,3,3,2,3,2,1,3,3,3,3,3,3,3,2,4,4,3,4,3,4,2,3,4,3,4,2,4,3,4,2,2,3,2,3,2,4,1,4,3,3,1,4,,1,2,2,4,2,1,2,4,3,4,3,4,1,3,4,4,2,2,4,4,1,4,3,3,3,3,4,2,4,3,4,2,,1,3,4,4,4,2,2,2,1,2,4,2,3,3,1,3,4,3,3,3,2,2,4,3,4,4,1,4,,4,4,2,3,4,2,4,4,4,,1,1,2,2,3,4,2,4,,4,4,4,4,2,4,4,2,3,4,4,4,2,3,2,4,3,4,4,1,4,4,3,,3,1,3,2,3,4,1,2,3,4,2,2,3,4,1,3,4,4,2,,4,2,3,1,3,2,2,3,1,3,1,2,4,2,1,3,4,1,2,3,4,2,2,3,3,3,3,3,4,2,3,4,2,2,3,3,3,4,4,2,2,,2,4,4,2,1,1,2,2,3,3,4,3,4,4,2,3,3,3,2,1,3,3,4,4,3,3,3,2,2,4,4,,1,3,2,,,,,,,4,,,,,2,4,,4,,4,,3,,,3,,,,,,,,,,4,4,3,,,2,,,1,,2,3,,,,1,,,,,,,,4,,,,,,,,,,,,,,,,,3,,,,1,4,,,,,,,2,
Informed,Availability of assistive technologies to address disabilities,1.7,541,322,1,1,1,2,1,1,1,3,1,2,2,3,3,3,1,2,2,2,2,2,3,1,1,1,1,1,4,1,2,1,2,2,2,1,1,1,3,1,1,1,2,2,1,3,2,2,2,2,1,1,2,2,2,1,1,,3,2,3,1,2,1,2,2,2,1,4,1,1,,2,1,2,3,1,1,1,1,1,2,3,1,2,3,3,1,1,2,1,2,2,3,1,1,1,1,3,2,1,1,1,2,1,1,2,1,2,1,2,2,1,3,1,1,1,1,3,1,1,1,1,1,3,1,2,1,1,3,1,1,2,1,1,1,1,3,2,2,3,3,2,1,3,1,2,3,2,1,2,2,1,1,3,2,1,1,1,1,2,1,1,1,1,1,2,1,2,1,1,1,1,2,2,1,,1,1,2,3,1,4,2,1,2,3,1,3,1,2,3,1,1,1,2,4,1,1,2,1,1,2,,4,2,2,2,1,1,4,2,2,2,2,1,1,1,2,2,1,2,1,1,2,,1,1,1,1,4,2,2,1,1,1,3,2,1,1,2,2,1,2,3,2,3,,2,2,1,3,1,2,2,3,1,1,1,1,,2,1,2,3,1,1,2,1,2,2,2,1,3,2,2,2,3,2,1,1,1,4,2,1,2,1,2,1,3,1,3,1,1,1,3,2,1,3,2,3,2,1,1,1,1,1,1,2,1,1,1,2,1,1,3,3,1,1,2,1,1,2,2,,,,,,,,1,,,,,,,,,,1,,,,,,,,,,,,,,,,,1,,,,,,,,1,,,,,,,,,,,,,,,,,,,,,,,,,3,,,,,,,,,,1,,,,,,,2,
Informed,Availability of technology learning resources and workshops,1.7,560,322,1,1,1,2,1,2,1,3,1,2,2,3,2,3,1,2,3,2,2,2,3,2,1,3,2,2,4,1,2,1,2,2,2,1,1,1,3,1,1,1,3,2,1,3,2,3,3,2,1,1,2,2,2,1,1,,3,1,2,2,2,2,2,2,2,1,4,1,1,,2,1,2,3,1,2,1,1,2,2,3,2,2,2,3,1,1,2,3,2,1,3,1,1,1,1,3,2,2,2,1,2,2,2,2,1,2,2,2,2,1,3,1,2,2,3,2,1,1,2,1,1,2,1,2,2,2,1,2,1,1,1,1,1,1,3,2,1,3,1,1,1,3,1,1,2,2,1,1,2,1,1,3,2,1,2,1,2,2,2,1,1,1,1,2,1,2,1,1,1,1,2,1,2,,1,1,2,3,1,4,2,1,1,3,1,3,1,2,2,1,1,1,1,2,1,2,3,1,1,2,,4,2,2,2,2,1,4,1,3,1,2,1,1,1,2,2,1,2,1,1,2,,2,2,1,1,2,2,3,1,1,1,3,2,1,2,2,2,1,2,3,2,2,,2,1,1,3,2,2,3,3,1,1,1,1,,2,1,2,3,1,1,2,1,2,2,3,1,3,2,2,2,1,3,1,2,1,3,2,1,2,1,1,2,3,2,3,1,1,2,3,2,1,1,2,3,2,2,1,1,1,1,1,2,2,1,1,2,1,1,3,3,1,1,2,2,1,2,1,,,,,,,,1,,,,,,,,,,1,,,,,,,,,,,,,,,,,1,,,,,,,,1,,,,,,,,,,,,,,,,,,,,,,,,,3,,,,,,,,,,3,,,,,,,2,
Informed,"Generative AI tools (e.g., ChatGPT, Bard, ChatPDF)",2.0,635,321,2,1,1,2,2,3,2,1,1,2,3,3,3,3,1,1,2,3,2,2,2,1,1,2,2,1,1,1,2,2,2,3,4,3,1,2,3,4,2,3,3,1,3,3,2,3,2,2,1,2,2,1,2,1,1,,2,2,1,2,2,2,2,2,3,2,4,1,2,,4,1,3,2,1,3,4,1,1,2,3,2,2,1,3,1,3,3,3,2,2,3,1,2,1,1,2,2,1,2,1,3,2,2,2,1,2,2,1,2,2,3,1,1,1,2,1,2,3,1,1,4,2,2,3,2,3,3,2,2,2,2,4,2,3,2,2,1,2,2,2,1,3,2,3,2,2,1,1,2,1,1,2,2,1,2,2,2,2,2,1,2,1,2,2,1,2,3,1,2,3,2,1,3,,1,1,2,2,2,4,2,2,2,3,2,3,4,2,2,2,2,2,4,4,1,2,2,2,3,1,,1,2,2,2,1,2,3,1,1,2,4,2,1,1,2,2,2,2,1,1,2,,1,1,4,2,1,2,2,1,2,1,3,2,1,3,3,2,1,2,3,2,2,,2,2,1,3,2,2,2,3,2,2,2,4,,2,2,2,2,2,2,2,1,3,3,3,1,3,3,2,1,1,2,1,2,2,3,2,1,2,2,2,1,3,3,3,2,1,3,3,2,1,1,1,2,2,1,1,2,1,1,1,2,1,1,1,2,1,4,,3,1,2,2,2,1,2,2,,,,,,,,1,,,,,,,,,,1,,,,,,,,,,,,,,,,,1,,,,,,,,3,,,,,,,,,,,,,,,,,,,,,,,,,3,,,,,,,,,,1,,,,,,,2,
Learning Interest,"Generative AI tools (e.g., ChatGPT, Bard, ChatPDF)",2.3,725,311,3,3,2,2,2,2,2,4,1,1,3,1,2,3,1,2,4,3,1,3,4,2,1,1,3,1,2,2,1,2,1,3,4,2,2,3,3,2,4,4,2,2,1,4,4,3,3,2,2,3,1,2,4,3,4,,3,3,,2,3,3,2,2,1,2,3,2,3,,,1,2,4,4,1,1,2,1,3,3,3,2,4,2,2,1,4,3,3,3,3,1,1,3,3,1,2,2,2,1,2,1,1,1,3,1,2,4,3,2,3,4,1,1,1,1,3,3,2,1,4,3,3,4,1,2,2,3,4,2,3,4,3,2,4,2,1,3,3,4,1,4,2,3,3,2,1,2,3,1,2,2,2,4,2,4,3,4,2,1,1,3,2,1,1,2,3,2,2,3,2,4,1,,4,1,1,1,2,4,2,1,4,3,4,3,1,4,1,4,3,4,2,2,2,3,2,3,4,3,,4,1,3,3,4,2,3,1,1,2,3,4,3,1,3,4,2,,4,4,3,,4,1,2,2,1,3,2,3,4,3,2,2,3,3,1,1,1,1,1,3,1,,2,2,2,2,2,2,3,3,1,3,2,1,,1,3,2,3,2,4,2,1,2,3,2,2,3,3,3,1,2,2,2,2,2,3,1,1,4,1,2,1,1,2,3,3,2,2,1,2,2,2,1,2,2,1,1,2,2,1,2,3,1,2,2,2,1,1,1,3,4,3,4,4,,3,4,,,,,,,,,,,,,,,,,,,,,,,,,,,,,,,,,,,,,,,,,,,,,,,,,,,,,,,,,,,,,,,,,,,,,,,,,,,,,,,,,,,,,,
Learning Method,One-on-one instruction,2.1,632,307,1,1,2,1,2,2,1,2,2,2,2,2,1,3,1,3,3,3,1,3,2,1,1,2,1,1,4,2,1,2,2,2,2,2,1,2,2,4,3,2,1,1,1,3,2,1,3,1,1,1,2,1,1,1,3,,4,,,1,1,1,,4,1,2,2,2,2,,,2,3,2,2,4,1,3,1,4,1,1,2,2,3,1,1,4,1,2,2,3,2,2,1,1,3,2,3,2,4,1,2,2,1,1,1,2,3,3,2,1,2,2,1,3,3,4,1,2,4,4,4,1,4,2,2,2,3,4,2,1,2,2,2,1,3,3,4,3,3,1,1,3,2,2,4,3,2,2,2,2,1,3,3,3,3,4,4,2,3,1,2,3,1,2,2,2,1,3,1,3,1,1,,2,2,1,4,1,2,2,1,3,3,1,3,1,1,1,4,2,3,1,2,2,2,2,,3,1,,3,2,4,2,2,2,2,1,1,1,2,1,1,3,1,3,2,,3,3,2,,2,,1,1,1,2,3,2,3,3,1,3,2,3,2,3,2,1,1,3,2,,2,1,2,2,1,1,1,1,1,4,1,1,,1,2,1,2,2,4,1,2,1,2,1,2,2,1,2,1,1,1,2,3,3,2,1,4,4,3,4,4,3,2,1,2,2,1,2,3,3,2,1,1,1,3,1,1,2,4,4,2,2,2,2,1,3,3,3,3,1,1,2,4,,1,3,,,,,,,,,,,,,,,,,,,,,,,,,,,,,,,,,,,,,,,,,,,,,,,,,,,,,,,,,,,,,,,,,,,,,,,,,,,,,,,,,,,,,,
Learning Method,Peer group learning,2.1,643,305,1,1,1,1,1,1,1,3,4,2,1,2,1,3,1,3,2,4,1,2,2,1,2,2,3,1,4,4,2,1,2,2,3,2,1,3,2,3,3,1,1,2,1,2,2,,3,2,2,1,2,3,1,1,2,,2,,,1,1,2,,3,2,3,3,2,2,,,1,3,2,4,3,1,3,1,3,1,1,2,2,3,3,1,2,2,3,2,2,2,2,2,3,3,2,3,2,4,1,2,3,1,1,3,2,1,3,2,1,3,2,1,3,2,2,2,1,1,4,1,1,4,3,4,2,3,3,2,1,2,2,1,1,1,2,3,2,4,1,1,3,2,3,4,3,2,2,2,2,1,3,2,3,1,2,4,3,2,1,3,2,1,3,2,2,1,3,2,3,2,1,,3,2,1,2,1,2,3,1,4,3,4,3,1,1,2,2,2,2,3,3,2,2,2,,2,2,,1,4,3,3,2,3,2,1,3,1,2,2,2,2,2,3,2,,3,3,3,,4,,1,1,1,3,3,2,1,3,2,3,3,4,3,3,1,1,1,3,,,1,2,3,2,1,2,3,3,3,4,1,1,,1,3,2,3,3,3,1,1,2,3,1,2,2,1,4,1,1,2,3,1,3,3,1,1,2,2,3,2,2,2,1,3,2,1,1,2,3,2,1,2,2,2,1,2,3,1,3,2,1,1,1,1,3,1,3,3,2,2,2,4,,1,3,,,,,,,,,,,,,,,,,,,,,,,,,,,,,,,,,,,,,,,,,,,,,,,,,,,,,,,,,,,,,,,,,,,,,,,,,,,,,,,,,,,,,,
Learning Method,Self-directed with documentation,2.2,667,307,2,2,2,1,1,2,3,3,1,2,1,2,1,3,3,1,4,4,1,4,3,1,3,2,3,1,4,1,1,2,2,2,1,4,2,3,2,2,3,1,1,3,1,4,3,3,3,2,1,2,1,3,3,3,3,,2,,,1,3,2,,4,4,3,3,1,2,,,2,3,2,3,2,3,1,1,3,1,2,2,2,2,1,1,2,3,2,2,2,2,3,1,3,3,2,1,3,3,2,2,1,1,3,3,3,4,1,1,3,3,2,2,2,2,3,2,2,1,4,2,1,1,4,1,4,3,3,1,2,1,2,3,4,2,1,2,3,2,1,1,2,3,1,4,3,3,2,2,3,1,3,2,2,1,2,3,1,2,1,2,3,1,1,2,3,3,1,2,3,3,1,,4,2,1,2,1,2,2,3,1,3,3,3,1,1,4,1,3,1,3,3,2,2,2,,3,2,,4,2,2,2,4,3,2,1,4,2,3,4,3,2,3,2,3,,3,3,3,,1,,1,1,3,3,3,4,1,4,2,2,2,3,2,1,1,3,1,3,1,,1,3,2,2,1,1,2,2,1,4,1,3,,1,4,3,3,1,2,1,2,1,4,1,2,3,1,2,1,1,2,1,3,1,2,2,1,3,1,3,2,3,1,1,3,2,1,3,2,3,2,1,3,1,2,1,3,3,1,2,2,2,1,2,3,1,2,3,3,1,4,3,1,,1,4,,,,,,,,,,,,,,,,,,,,,,,,,,,,,,,,,,,,,,,,,,,,,,,,,,,,,,,,,,,,,,,,,,,,,,,,,,,,,,,,,,,,,,
Learning Method,Self-directed with online tutorial,2.3,710,307,3,1,1,1,1,2,3,2,1,3,1,2,1,3,3,1,4,4,1,4,3,2,3,2,3,3,4,1,1,2,2,2,1,4,2,3,2,3,3,1,1,3,1,3,4,3,3,2,1,2,1,3,3,3,3,,2,1,,3,2,2,,4,4,3,3,3,3,,,2,3,2,3,,3,1,1,3,1,2,2,1,2,1,1,2,3,3,2,3,3,3,1,3,3,3,1,3,3,3,2,1,3,3,3,2,4,1,3,3,4,2,3,4,2,3,2,2,1,4,2,2,4,4,2,2,1,3,1,3,1,2,3,4,2,2,2,4,3,4,4,2,3,3,4,3,3,2,2,3,1,3,3,2,1,4,3,2,2,1,2,2,1,1,2,3,3,1,2,3,1,1,,4,2,1,2,2,2,3,3,3,3,3,3,1,1,1,1,3,1,3,3,2,2,2,,3,3,,4,2,3,2,4,3,2,1,4,3,3,4,1,2,3,3,2,,3,3,3,,1,,1,1,3,3,2,1,1,4,2,1,3,2,2,1,1,3,1,3,2,,2,3,2,2,3,3,2,2,1,4,1,3,,1,4,3,3,1,2,1,2,2,4,1,2,3,1,2,1,1,2,1,3,3,3,2,4,3,1,3,1,2,1,1,3,2,1,3,2,3,1,1,3,1,2,3,3,3,1,3,2,3,1,2,3,2,2,3,3,1,4,3,1,,1,4,,,,,,,,,,,,,,,,,,,,,,,,,,,,,,,,,,,,,,,,,,,,,,,,,,,,,,,,,,,,,,,,,,,,,,,,,,,,,,,,,,,,,,
Learning Method,Trial and error,2.3,715,308,3,2,4,3,3,3,2,2,2,2,3,2,1,3,1,3,3,1,2,2,3,3,2,1,3,3,4,3,1,1,3,3,1,4,3,2,3,2,2,4,2,3,1,2,3,3,3,1,2,2,2,2,4,3,1,,4,1,,1,1,3,,4,4,3,2,3,2,,,2,3,2,2,1,4,1,1,1,1,2,2,1,3,2,1,4,3,3,2,2,3,3,2,1,3,2,2,3,1,3,2,2,3,2,2,3,4,2,2,3,4,3,4,2,2,1,1,2,1,4,2,2,1,2,3,1,2,2,2,1,1,3,3,4,4,2,1,1,2,4,4,3,3,3,4,3,1,4,3,3,1,3,3,1,3,4,4,2,1,1,2,2,1,2,2,2,1,3,1,3,1,3,,1,3,2,2,2,2,1,3,2,3,2,3,1,3,4,4,2,1,4,1,2,3,2,,3,4,,1,4,2,2,1,1,2,2,3,3,3,2,2,2,3,3,2,,4,1,3,,1,,2,2,1,3,3,4,3,3,2,1,3,3,3,1,4,1,1,3,2,,2,1,3,2,3,3,2,3,1,4,4,4,,2,4,3,3,3,2,1,1,3,2,3,2,3,1,2,4,3,3,2,4,3,2,1,1,2,2,2,3,3,2,1,3,1,1,2,2,3,3,1,1,2,2,1,2,3,1,1,2,3,2,2,1,3,2,3,3,4,2,2,1,,1,3,,,,,,,,,,,,,,,,,,,,,,,,,,,,,,,,,,,,,,,,,,,,,,,,,,,,,,,,,,,,,,,,,,,,,,,,,,,,,,,,,,,,,,
Learning Method,Workshop/Training Session,2.2,681,305,2,3,2,1,2,1,2,3,4,3,3,2,1,3,1,2,2,2,1,3,3,1,2,2,1,1,4,4,1,2,2,2,4,3,1,3,2,4,3,3,2,2,1,2,4,1,3,2,2,1,2,2,1,1,3,,3,,,2,1,1,,2,2,3,3,2,2,,,1,3,2,4,3,1,3,1,4,1,2,2,3,4,2,1,2,2,3,2,2,2,2,1,3,3,2,3,1,4,3,2,3,1,2,3,2,1,3,2,2,2,2,1,2,2,4,1,3,1,4,2,2,4,2,3,2,3,4,2,1,1,2,3,1,2,3,3,3,4,1,1,3,2,3,4,3,2,3,2,2,1,3,3,3,2,4,4,2,2,1,3,3,1,4,2,3,1,2,2,3,3,2,,3,2,1,2,1,2,2,1,4,3,4,3,1,1,,4,2,4,2,3,2,2,2,,2,2,,3,2,3,3,2,3,2,1,3,1,2,2,3,3,2,3,2,,3,3,2,,4,,1,1,1,3,3,2,1,3,1,3,2,4,3,1,1,1,1,3,2,,3,2,2,2,1,2,2,2,,4,1,1,,1,2,1,3,3,4,1,1,1,3,1,2,2,1,3,1,1,2,3,1,3,2,1,2,4,3,4,2,3,2,1,3,1,1,2,2,3,2,1,2,2,2,1,2,3,1,4,2,1,2,1,2,3,2,3,3,4,2,2,4,,1,4,,,,,,,,,,,,,,,,,,,,,,,,,,,,,,,,,,,,,,,,,,,,,,,,,,,,,,,,,,,,,,,,,,,,,,,,,,,,,,,,,,,,,,
Satisfaction,Borrowing laptops,3.6,518,142,,2,4,4,2,,4,4,,,2,,4,4,,3,,4,,,4,4,4,3,,,,3,4,,,,,,4,4,4,4,,,,1,,,3,,,4,,3,,,,,,,3,,,,,3,,4,,,4,4,4,,,,4,,,3,,3,4,4,4,,,,4,,,4,,,,3,4,,4,,,4,,4,4,4,,4,,,4,,,,4,4,,3,,,3,,4,,,,,3,,4,,,2,,,,,,,4,4,,,,,,4,,3,4,4,3,4,,,4,4,4,,,,4,3,,,4,,,4,,4,,4,,3,3,4,,,,,,,,,3,,4,4,,4,4,4,,,,,3,,4,4,,,4,,,4,4,4,4,,4,4,,,4,4,4,,,,,,,4,2,,,4,3,,,4,4,,,,,,,,,,4,1,4,4,3,4,,4,,3,4,3,,4,,2,,,,,,,,4,4,3,,,,,,3,4,4,,,,4,,,,,,,,,4,,4,,3,,3,,,3,,4,,4,,,,,,4,3,,,4,,4,,,4,4,4,,4,4,,,4,,,,,,,,4,,,,,,,,,,,,,,,,,,,,,,,,,,,3,,,,,,4,,,,,,,,,,,,,,,4,,,,,,,,,,,,,,,,,,,,,,,,,,,,,3,
Satisfaction,Borrowing technology equipment,3.7,670,181,3,,4,4,2,,4,4,,3,,,4,4,3,3,,4,,,4,4,4,,,,4,3,4,4,,,,,4,4,4,4,4,3,,2,,3,4,,,4,,3,4,,,,,,3,,4,,4,3,,4,4,,4,4,4,,,,4,4,4,3,,3,4,,4,,,,4,4,2,4,,,,,,,,,,4,,3,4,4,,3,,,4,,,3,4,4,1,3,,,3,,4,,,,,3,4,4,,4,3,,,,,,3,4,4,3,,4,4,,4,3,3,4,4,,4,4,,4,,4,4,,,4,4,,,4,,,4,,4,3,,,3,3,4,3,,,3,,4,3,,4,,4,4,3,4,4,4,,,,,3,,4,4,,,4,,,4,4,4,4,,4,4,,4,4,3,4,,,,,,,4,2,,,4,4,,,4,4,,,,,4,4,4,,,4,,4,4,3,4,,4,,4,4,4,,4,3,,,,4,,,,,4,4,3,4,,4,4,,3,4,4,,,,4,,4,3,4,,,,3,4,4,4,3,4,,3,4,,4,,4,,4,4,4,,,,4,3,,,4,4,,,,4,4,4,,4,4,,,4,,,,,,,,4,,,,,,,,,,,,,,,,,,,,,,,,,,,3,,,,,,,,4,,,,,,,,,,,,,4,,,,,,,,,,,,,,,,,,,,,,,,,,,,,3,
Satisfaction,"Generative AI tools (e.g., ChatGPT, Bard, ChatPDF) for academic or work purposes",3.2,690,217,3,2,4,3,4,3,3,3,2,,3,,4,3,,3,,4,,4,4,4,,4,4,,2,,4,4,1,4,4,3,4,4,4,,3,3,,,3,2,3,4,4,,,4,,,1,,3,,4,3,,3,,4,,,,3,4,3,4,,,,4,3,4,3,4,,,2,4,2,2,3,4,,,4,3,,4,4,,,,,1,4,2,3,,4,,,,2,,3,2,4,4,3,3,,,,,3,4,,,4,2,3,4,3,3,4,3,3,4,3,3,,4,3,4,,,2,4,,4,2,2,4,4,1,2,3,,,2,4,2,,2,4,4,,3,4,4,2,4,,1,4,,3,4,3,,,,,,,,4,3,2,4,3,4,4,,,4,3,3,4,4,1,3,4,,3,3,4,,,,,3,,,4,3,,,,4,4,2,,3,4,2,4,4,3,4,,2,,4,2,,4,,4,,3,4,4,,,,4,2,4,4,3,3,,,4,2,4,,,3,,2,,4,3,,3,2,3,4,3,3,,1,3,3,,1,4,4,,,1,3,,,,4,3,,3,,2,,3,2,4,2,,4,2,4,,1,,,4,,4,3,,,3,4,1,,,,,,,4,,3,3,3,3,,4,3,,,,,,,2,,,,,,,,3,,3,,,,,,,,,,,,,,,2,,4,,,,,,3,,4,,,,,,,,,,,,,,,,,,,,,,,,,,,,3,,,,,,,,,,,,,,3,
Satisfaction,Group study spaces in the library,3.7,1104,298,3,3,4,4,4,4,3,4,4,4,4,,4,3,4,4,,4,4,3,4,4,4,4,3,4,,4,4,4,4,4,,,2,4,4,4,2,4,4,4,3,4,3,4,4,4,4,3,4,4,,4,4,,3,3,4,4,4,3,,4,,4,4,4,3,,,,4,4,4,2,4,3,4,4,4,4,4,4,4,4,3,4,4,4,3,4,4,4,4,4,4,4,4,4,4,4,4,4,4,3,4,4,4,4,4,4,3,4,4,4,3,4,4,4,,,3,3,4,4,4,3,4,4,4,4,4,4,4,2,4,3,4,4,4,4,4,4,3,4,4,3,4,3,3,4,4,4,,4,4,4,4,,3,4,4,3,4,,4,3,4,3,4,3,4,4,4,4,4,3,4,3,4,3,,4,4,2,4,4,4,3,4,4,4,4,,4,4,4,3,4,4,,4,4,4,4,4,4,4,4,4,3,4,4,3,3,4,4,3,4,4,3,4,,4,4,,4,4,4,4,3,4,4,4,4,4,3,,4,1,4,4,3,4,,4,,4,4,3,4,4,3,4,,4,3,,4,4,2,4,4,4,4,3,3,4,4,3,4,4,4,,4,4,4,,4,4,3,3,4,4,4,,3,3,3,4,4,4,,3,4,4,4,4,4,4,4,3,4,4,3,4,3,3,4,3,3,,4,4,4,2,4,1,,3,3,4,,,,,,,4,,,,,,,,4,,,,,,,,,,,,,,,,,4,,3,,,,,,4,,4,,,,,,,,,,,,,3,,,,,,,,,,,,,,,,,,,,,,,,,,,,,3,
Satisfaction,Interlibrary loan,3.6,891,245,2,,4,4,3,4,3,4,4,4,2,,4,3,4,2,4,4,4,3,4,4,4,4,4,3,,2,4,,,3,,,4,4,4,3,2,3,4,,,4,3,,4,4,,3,,4,,3,,,3,3,4,,4,3,,4,4,,4,4,,,,3,3,4,,3,4,3,4,4,4,3,4,,4,,3,4,,4,3,4,,,4,4,,3,4,4,4,4,,4,4,4,4,4,,3,3,4,,4,4,4,,,4,4,,,4,3,4,4,4,4,4,4,,4,4,,3,4,4,4,4,,2,,3,4,3,4,4,3,3,4,,3,4,4,,,3,4,2,4,,4,,4,4,4,4,4,,4,4,3,4,3,4,4,3,3,4,3,,3,4,4,4,4,4,4,4,3,,4,,4,2,4,4,4,,4,2,,4,4,4,4,3,4,3,3,4,3,3,4,,3,4,4,4,,4,3,4,,4,,,,4,4,4,,4,,,4,,,,3,2,4,4,3,4,,4,,3,4,4,4,3,4,2,4,,,,4,2,,4,4,3,,3,,4,4,3,4,4,4,,4,4,4,4,,,3,4,4,,4,3,3,,,,,,,2,4,4,4,4,4,3,4,4,4,4,,,3,4,,2,4,,4,4,4,,4,3,,4,4,4,,,,,,,4,,,,,,,,,,,,,,,,,,,,,,,,,4,,3,,,,,,4,,4,,,,,,,,,,,,,4,,,,,,,,,,,,,,,,,,,,,,4,,,,,,,3,
Satisfaction,Library databases (e.g. JSTOR),3.7,1121,302,3,4,4,4,3,4,4,3,4,4,2,,4,2,4,4,4,4,4,3,4,4,4,3,,4,,2,4,,4,4,4,4,4,4,4,4,3,4,4,4,,,3,3,4,4,4,4,4,4,,4,4,,3,4,4,4,4,3,,4,3,4,4,4,3,,,4,4,4,,3,4,4,4,3,4,4,4,3,3,4,4,3,4,4,4,4,4,4,4,4,4,3,3,4,1,4,4,4,4,4,3,3,4,4,3,4,3,3,,4,3,3,4,4,,,4,3,4,4,4,4,4,4,4,4,4,4,2,4,4,4,4,4,4,,4,4,3,4,4,3,4,4,4,4,4,4,4,4,3,4,3,4,2,4,4,3,4,4,4,3,4,4,3,3,3,4,4,4,2,3,4,3,,3,4,3,4,2,4,4,4,4,4,4,,4,4,4,4,4,,,4,,4,4,4,4,3,4,3,4,4,4,4,4,3,3,4,4,4,4,4,3,4,,4,3,4,3,4,4,4,4,4,4,4,4,4,4,4,4,1,4,4,3,4,,4,4,3,4,4,4,4,4,4,4,,2,,4,4,3,4,4,4,4,3,4,4,4,3,4,4,4,4,4,4,3,4,3,4,4,4,4,4,4,4,3,,3,,,4,4,3,4,4,4,4,4,4,4,3,4,4,3,,4,4,4,3,3,4,4,4,4,3,3,4,,4,4,4,,,,,,,4,,,,,,,,4,,,,,,,,,,,,,,,,,4,,3,,,,,,4,,4,,,,,,,,,,,,,4,,,,,,,,,,,,,,,,,,,,,,4,,,,,,,3,
Satisfaction,Library e-book collections,3.5,952,270,4,,4,,3,4,3,2,4,4,,,4,3,,3,4,4,4,2,4,4,4,4,2,4,4,4,4,4,2,,3,,3,4,4,4,3,,4,4,,3,2,3,4,4,4,3,4,4,,4,4,,3,3,4,,3,3,,4,3,2,4,4,3,,,4,4,3,3,4,3,3,4,3,4,3,4,3,4,3,,4,4,4,3,3,4,4,3,4,4,3,2,4,1,3,4,4,4,,4,4,3,3,3,,3,2,,3,3,3,4,4,,,4,3,4,,4,4,4,,4,4,3,2,3,,4,3,3,3,2,,,4,3,4,4,4,3,4,,4,4,4,3,4,,4,3,4,2,,4,3,4,3,4,4,,4,3,3,3,3,4,4,2,3,4,3,,3,4,3,4,3,4,4,4,4,,4,,4,4,4,4,4,,4,4,,4,4,4,4,3,4,3,4,4,4,4,4,,2,4,4,4,4,4,3,4,,4,,4,,4,4,4,,,,4,4,4,,3,4,2,4,4,3,4,,4,,3,,4,4,3,3,2,2,,2,,,3,,4,4,3,3,3,3,4,4,3,4,4,,4,3,3,4,3,,4,3,4,3,4,4,,3,,4,,,,4,2,4,4,4,4,4,3,4,,4,4,3,,4,4,3,2,3,4,4,4,4,,4,4,,,2,4,,,,,,,4,,,,,,,,4,,,,,,,,,,,,,,,,,4,,3,,,,,,4,,2,,,,,,,,,,,,,4,,,,,,,,,,,,,,,,,,,,,,4,,,,,,,3,
Satisfaction,Library reference/research services,3.6,978,275,3,2,4,,4,3,3,3,,4,,,4,3,,3,4,3,4,3,4,4,4,4,3,4,4,3,4,4,3,4,,,3,4,4,3,3,,4,4,,4,3,4,4,4,4,3,4,3,,4,,,3,3,4,4,4,3,,4,4,2,4,3,3,,,4,4,3,4,4,3,2,4,4,4,3,4,3,4,3,3,3,,3,4,3,4,,3,4,,4,3,4,1,4,3,4,4,4,4,3,4,3,3,4,3,4,,4,3,3,4,4,,,4,4,4,4,4,4,4,3,4,4,,4,3,,4,4,3,2,4,,,4,3,4,4,4,4,4,3,4,4,4,3,4,3,4,3,4,3,4,,3,4,3,4,4,,4,3,3,2,3,4,3,4,3,4,3,,3,4,2,4,3,4,4,4,3,,4,,3,4,4,4,4,,4,4,,4,4,4,4,3,4,3,4,4,4,3,,,3,,4,4,,4,3,4,,3,,,,4,4,4,,,3,4,3,4,,4,4,2,4,4,3,4,,4,2,3,4,4,4,3,3,2,2,,3,,4,3,4,4,4,3,3,3,3,4,4,3,4,4,,4,3,4,3,,,4,4,3,3,3,4,3,3,,4,,,4,4,3,2,4,4,4,4,4,4,4,4,4,3,,3,4,3,,,4,4,4,4,3,4,3,,,3,4,,,,,,,3,,,,,,,,4,,,,,,,,,,,,,,,,,4,,3,,,,,,4,,4,,,,,,,,,,,,,4,,,,,,,,,,,,,,,,,,,,,,4,,,,,,,3,
Satisfaction,Library research instruction for academic courses,3.4,920,272,2,2,4,,4,2,3,3,3,4,,,4,3,,3,4,3,3,3,4,4,4,4,3,4,4,2,4,4,3,4,3,,2,4,4,4,2,,4,4,,4,3,4,4,4,4,3,4,3,,3,,,3,2,3,,4,3,,4,3,2,4,3,3,,,3,4,3,4,4,4,2,4,4,4,2,4,3,4,3,3,4,4,3,4,3,4,,3,4,,4,3,3,1,3,3,4,4,3,4,3,4,3,3,,3,3,,3,3,2,4,3,,,4,3,4,4,4,4,4,3,3,,3,4,3,,4,4,,1,2,,,4,3,4,4,4,3,4,3,4,4,4,3,4,2,4,3,4,3,,,3,4,3,4,3,,4,3,3,2,3,4,3,3,3,4,3,,3,4,2,4,2,4,4,4,2,,4,,3,4,4,4,3,,4,4,,4,4,4,4,3,4,3,4,4,3,3,,,,,4,3,,4,3,4,,3,,,,4,4,4,,,3,4,4,4,,4,4,2,4,4,3,4,,4,2,3,4,4,4,3,3,2,4,,3,,4,2,,4,3,3,3,3,3,3,3,3,4,4,,4,3,4,3,,,4,3,3,3,3,4,1,3,,4,,,4,,3,2,4,4,4,4,2,4,3,4,4,3,,3,4,3,3,,4,4,4,4,3,4,3,,,2,3,,,,,,,3,,,,,,,,4,,,,,,,,,,,,,,,,,,,3,,,,,,4,,2,,,,,,,,,,,,,4,,,,,,,,,,,,1,,,,,,,,,,4,,,,,,,3,
Satisfaction,Library Subject Guides (go/guides),3.4,710,206,3,,4,,3,4,3,3,,4,,,4,4,,3,4,4,,,4,4,4,4,,,4,2,4,4,2,,,,3,4,4,4,2,,4,4,,,3,,4,4,4,3,,3,,,,,3,2,,,,3,,,4,,4,3,,,,3,4,3,,4,4,2,,,4,2,4,,3,3,3,,,4,,3,4,,3,4,,4,2,4,1,4,4,4,,4,4,,,,3,,3,3,,,3,2,4,,,,,3,4,4,4,4,4,4,2,,,,3,,4,3,3,1,,,,4,3,4,4,4,3,4,,4,4,4,3,4,,4,3,,3,,,3,4,,4,,,,3,3,2,3,,3,3,3,4,3,,3,3,2,4,3,4,4,4,3,,4,,2,4,4,,3,,4,,,4,4,4,4,3,4,3,4,4,4,2,,,,4,,4,,4,3,4,,3,,,,4,4,4,,,,,3,4,,3,4,2,4,4,3,4,,4,,3,4,4,4,3,,2,3,,,,,,,4,3,3,3,3,,4,,3,4,4,,,3,3,,,,4,3,3,4,,3,,4,,4,,,,,3,,4,,4,,4,4,3,,4,3,,3,4,,,,,4,4,4,3,4,3,,,2,,,,,,,,3,,,,,,,,,,,,,,,,,,,,,,,,,,,3,,,,,,4,,3,,,,,,,,,,,,,4,,,,,,,,,,,,,,,,,,,,,,3,,,,,,,3,
Satisfaction,LibrarySearch (go/primo),3.5,769,222,2,,4,,4,3,3,3,,4,,,4,2,,3,4,4,,,4,4,4,4,,,4,2,4,4,3,,,,2,4,4,3,2,,4,4,,,3,,4,4,4,3,,3,,,,,3,2,3,,4,3,,2,4,,4,3,,,,3,4,3,,4,4,2,,3,4,2,4,3,3,3,3,,,,4,3,4,4,3,4,,4,2,4,1,,4,4,,4,4,3,4,,3,,3,3,,4,3,3,3,,4,,,3,,3,4,4,4,,2,4,,,3,,4,,4,1,,,,4,3,4,4,4,2,4,,4,4,4,3,4,,4,3,,3,,,3,4,,4,,,,3,3,3,3,,3,3,3,4,,,3,4,2,4,3,4,4,4,3,,4,,2,4,4,,3,,4,,,4,4,4,4,4,4,3,4,4,3,2,,,,4,,4,,4,3,4,,3,,,,4,4,4,,,,,3,4,,4,4,2,4,4,3,4,,4,,3,4,4,4,3,,2,3,,,,,,,4,3,3,3,3,,4,4,3,4,4,,4,3,3,,4,,4,4,3,3,,3,,3,,4,,,,4,3,2,4,4,4,,4,4,4,4,4,3,,4,4,,,,4,4,4,4,3,4,3,,,3,3,,,,,,,3,,,,,,,,,,,,,,,,,,,,,,,,,4,,3,,,,,,4,,4,,,,,,,,,,,,,4,,,,,,,,,,,,,,,,,,,,,,4,,,,,,,3,
Satisfaction,Overall library service,3.8,1182,312,3,4,4,4,4,4,4,4,4,4,,,3,4,4,4,4,4,4,4,4,4,4,4,3,4,4,4,4,4,4,4,3,,4,4,4,3,3,4,4,4,,3,4,4,4,4,4,3,4,4,,4,4,,3,4,4,4,4,3,,4,3,3,4,4,3,,,4,4,4,4,4,4,2,4,4,4,4,4,4,4,3,3,4,4,4,4,4,4,4,4,4,4,4,3,4,1,4,4,4,4,4,4,4,4,4,4,4,4,3,4,4,3,4,4,4,4,,3,3,4,4,4,4,4,4,4,4,4,4,4,4,4,3,3,3,4,,4,4,3,4,4,,4,4,3,4,4,4,3,4,3,4,4,4,3,4,4,4,4,4,4,4,4,4,3,3,2,4,4,4,4,3,4,3,3,4,4,4,4,4,4,4,4,4,3,4,4,4,4,4,4,4,4,4,4,,4,4,4,4,4,4,4,4,4,3,4,4,,3,4,4,4,4,4,3,4,,4,4,4,3,4,4,4,3,,4,4,4,4,4,4,4,,4,4,3,4,,4,3,4,4,4,4,4,4,4,4,,3,,4,4,3,4,4,3,4,3,4,4,4,3,4,4,4,4,4,4,4,4,4,4,3,4,4,4,4,4,4,3,4,4,3,4,4,4,3,4,4,4,4,4,3,4,4,4,3,4,4,4,4,3,4,4,4,4,4,3,4,4,,3,3,4,,,,,,,4,,,,,,,,4,,3,,,,,,,,,,,,,,,4,,3,,,,,,4,,4,,,,,,,,,,,,,4,,,,,,,,,,,,,,,,,,,,,,4,,,,,,,3,
Satisfaction,Physical library collections,3.6,946,265,2,,4,,3,3,3,3,,,,,4,2,,3,4,3,4,3,4,4,4,4,,4,4,4,4,4,3,,,,3,4,4,3,3,4,4,4,4,3,,4,4,4,4,4,4,4,4,4,,,3,2,3,,4,3,,3,2,2,4,4,4,,,4,4,3,4,4,3,1,4,4,4,3,4,4,3,4,2,4,3,4,3,3,4,4,,4,,3,3,3,1,3,4,4,4,4,4,4,,,,4,3,4,,4,3,4,4,4,4,,,3,4,,4,4,4,4,4,4,3,4,3,,4,,3,2,4,,4,4,3,4,4,4,2,4,,4,4,4,3,4,,4,2,4,2,4,,3,4,3,4,4,,,2,3,3,3,4,4,2,3,4,3,,3,4,4,4,2,4,4,4,3,,4,,3,4,4,4,4,,4,4,,4,4,4,4,4,4,3,4,4,4,4,4,,3,,4,4,4,4,3,4,,4,,4,,4,4,,,,,,4,4,,3,4,2,4,4,3,4,,4,,3,4,4,4,3,4,2,2,,4,,4,3,,4,4,3,4,3,2,4,4,3,4,4,3,,3,3,4,3,,,4,3,4,4,4,4,3,,4,,3,,4,3,3,4,4,4,4,4,4,,4,4,3,,4,4,3,3,3,3,4,4,4,,4,4,,,3,4,,,,,,,4,,,,,,,,4,,,,,,,,,,,,,,,,,4,,3,,,,,,4,,4,,,,,,,,,,,,,3,,,,,,,,,,,,,,,,,,,,,,4,,,,,,,3,
Satisfaction,"Support for the use of Generative AI Tools (e.g., ChatGPT, Bard, ChatPDF)",3.0,577,193,2,2,4,2,4,3,3,2,2,,4,,4,3,,3,,3,,2,4,4,,3,,,2,,4,4,1,3,1,,4,4,4,,2,,,,1,,2,4,3,,,4,,,1,,3,,3,2,,2,,3,,,,,4,3,3,,,,4,3,4,3,,,,1,4,4,2,2,4,,,4,,,4,4,,,,,1,4,2,3,,4,,,,,,,2,4,3,,3,,,,,3,4,,,4,,3,4,3,2,,3,3,4,2,3,,3,2,4,2,,,3,,,2,2,4,4,1,2,3,,,2,4,2,,2,2,4,,2,4,4,2,4,,1,4,,3,4,3,,,,,,,,2,2,2,,2,4,3,,,4,3,3,4,3,1,3,4,,,3,3,,,,,3,,,4,4,,,,4,2,2,,3,4,2,4,4,1,4,,1,,4,,,4,,,,3,4,4,,,,4,2,4,4,3,3,,,4,3,4,,,2,,,,4,3,,4,,3,4,3,3,,1,,3,,1,4,4,,,1,3,,,,4,3,,2,,2,1,3,3,2,2,,4,,4,,1,,,4,,4,,,,3,4,1,,,,,,,4,,2,3,3,,,4,3,,,,,,,3,,,,,,,,3,,,,,,,,,,,,,,,,,,,4,,,,,,3,,4,,,,,,,,,,,,,,,,,,,,,,,,,,,,3,,,,,,,,,,,,,,3,