Question.Type,service,average,sum,count,,,,,,,,,,,,,,,,,,,,,,,,,,,,,,,,,,,,,,,,,,,,,,,,,,,,,,,,,,,,,,,,,,,,,,,,,,,,,,,,,,,,,,,,,,,,,,,,,,,,,,,,,,,,,,,,,,,,,,,,,,,,,,,,,,,,,,,,,,,,,,,,,,,,,,,,,,,,,,,,,,,,,,,,,,,,,,,,,,,,,,,,,,,,,,,,,,,,,,,,,,,,,,,,,,,,,,,,,,,,,,,,,,,,,,,,,,,,,,,,,,,,,,,,,,,,,,,,,,,,,,,,,,,,,,,
Frequency,Data analysis support services,1.1,303,269,1,1,1,1,1,1,1,1,1,1,1,1,1,1,1,1,2,1,1,1,2,1,1,1,1,1,1,1,1,1,1,1,1,1,1,1,1,1,1,1,1,1,1,1,1,1,1,1,1,1,1,1,2,1,1,1,2,1,1,1,1,1,1,1,1,1,1,1,2,1,1,2,2,1,1,1,1,1,1,1,1,1,2,1,1,1,1,1,1,1,1,1,1,1,1,1,2,1,5,1,1,3,1,1,1,1,1,1,1,1,1,1,1,1,2,1,1,1,1,1,1,1,5,1,1,1,1,1,1,1,1,2,1,1,1,1,1,1,1,1,3,1,1,1,1,1,1,1,1,1,1,1,1,1,1,1,1,1,1,1,1,1,1,2,1,1,1,1,1,2,1,1,1,1,1,1,1,1,1,1,1,1,2,1,1,1,1,1,3,1,1,1,1,1,1,1,1,1,1,,1,1,,1,1,1,1,2,1,1,1,1,1,2,1,1,1,1,1,1,1,1,1,1,1,1,1,1,1,1,1,1,1,1,1,1,1,1,1,1,1,1,1,1,2,1,1,1,3,1,1,2,1,1,1,1,1,1,1,1,1,1,1,1,1,1,1,1,1,1,1
Frequency,High performance computing,1.3,338,268,1,1,3,2,5,1,1,1,1,1,1,2,1,1,1,2,1,1,1,1,1,1,1,1,1,1,1,1,3,1,1,3,1,1,1,1,1,1,1,1,1,1,3,1,1,1,1,1,1,1,5,1,1,1,1,1,1,1,1,1,1,1,1,1,1,1,4,1,1,1,1,1,2,1,1,2,1,1,1,1,1,1,3,1,1,1,1,1,1,1,1,4,1,1,2,1,2,1,5,1,1,3,1,3,1,1,1,1,1,1,1,1,1,1,1,1,4,1,1,1,1,1,5,2,1,1,1,2,1,1,1,1,2,1,1,1,1,1,1,1,1,1,1,1,1,1,1,1,1,1,1,1,1,1,1,1,1,1,1,1,1,2,1,3,1,1,1,1,1,1,2,1,1,1,1,1,1,1,5,1,1,1,2,1,1,1,1,1,2,1,1,1,1,1,1,1,1,1,1,,1,1,,1,1,1,1,1,2,1,1,1,1,2,1,1,2,1,1,1,1,1,2,1,1,1,1,1,1,1,1,1,1,1,2,1,,1,1,1,1,1,1,1,5,1,1,1,3,1,1,1,1,1,1,1,1,1,1,1,1,1,1,1,1,1,1,1,1,1,1
Frequency,Borrowing laptops,1.3,351,266,1,3,1,1,1,1,2,1,2,2,1,1,1,1,2,2,1,2,1,1,2,1,2,1,2,3,1,1,1,1,2,1,1,1,1,1,2,2,1,1,2,1,1,2,4,1,1,1,1,1,1,1,1,1,2,1,1,1,1,1,3,1,1,2,2,1,1,1,2,1,2,1,1,1,,1,2,2,1,1,1,2,1,1,2,1,1,1,1,1,1,1,1,2,2,1,1,1,1,5,1,2,1,1,1,2,1,2,1,1,2,1,1,1,2,1,1,1,1,2,1,1,1,1,1,1,1,2,1,1,1,1,1,1,1,1,1,1,1,2,1,1,1,1,1,1,2,1,3,1,5,1,1,1,2,1,2,1,2,2,1,1,2,2,1,1,1,1,1,1,1,2,2,1,1,1,2,2,1,1,1,2,2,1,2,2,1,2,2,1,1,1,1,1,1,1,1,1,1,,1,1,,1,1,1,2,2,1,1,1,1,1,1,,1,2,1,1,1,2,1,1,1,1,1,1,1,1,2,,1,1,2,1,1,1,1,1,1,1,1,1,1,2,1,2,2,3,1,1,2,2,1,1,1,2,1,1,1,2,1,1,1,1,1,2,1,1,1,1
Frequency,Digital Scholarship/Digital Humanities services,1.3,355,269,1,1,1,3,1,1,1,1,2,1,1,1,1,2,1,1,2,1,1,1,3,4,1,1,1,1,1,2,1,1,1,1,1,1,1,1,1,2,1,1,2,3,1,2,2,2,1,1,5,1,1,1,1,1,1,1,1,1,1,1,1,1,1,1,1,1,1,1,2,2,1,3,2,1,1,1,1,1,1,2,4,1,1,1,1,1,2,2,2,1,1,1,1,1,1,1,1,1,1,1,1,1,1,1,1,2,1,1,1,1,1,1,1,1,3,1,1,1,1,1,1,1,2,1,1,1,1,1,1,1,1,2,2,1,1,1,1,1,1,1,4,3,1,1,1,1,1,1,1,1,5,3,1,1,1,2,1,1,1,1,1,1,2,3,3,4,1,1,1,1,1,1,1,2,1,1,1,2,1,1,3,1,2,1,1,2,1,1,2,1,1,2,1,1,1,1,1,1,1,,1,2,,1,3,1,1,1,1,1,1,1,1,1,3,1,1,1,1,1,2,1,3,1,2,2,1,1,1,2,1,1,1,2,1,1,1,1,2,1,1,1,1,1,1,1,1,1,2,1,1,1,1,1,2,1,1,1,1,1,2,2,1,1,1,1,2,1,1,1,1
Frequency,Borrowing technology equipment,1.5,414,269,1,1,1,1,2,1,2,2,2,2,2,1,2,2,2,2,1,2,1,1,2,1,2,2,1,1,1,1,1,1,2,4,2,2,1,2,1,1,1,2,2,1,1,2,4,2,1,1,2,1,1,2,1,1,1,1,2,2,2,1,4,2,1,1,2,1,1,1,2,1,2,1,1,1,2,1,2,2,1,2,2,1,1,1,2,2,2,1,1,1,1,2,1,2,2,2,1,1,1,5,1,2,2,1,2,2,2,2,1,1,2,1,1,1,2,1,1,3,4,1,2,1,2,1,2,1,1,1,1,1,2,1,1,1,2,1,1,1,1,1,2,1,1,1,1,1,2,2,3,2,5,1,1,2,3,2,2,1,2,1,1,1,1,2,1,1,3,1,1,2,2,2,2,1,1,1,1,2,2,1,2,1,2,1,1,1,1,2,3,1,1,1,1,1,1,1,1,1,1,,3,2,,1,1,2,2,2,1,1,1,1,1,1,2,1,2,2,1,1,2,2,1,3,3,2,1,1,1,2,1,1,1,2,1,1,1,1,1,1,1,1,2,2,2,1,2,2,3,2,2,2,1,1,2,4,2,1,2,1,2,2,2,2,1,1,2,1,1,2,2
Frequency,"Generative AI tools (e.g., ChatGPT, Bard, ChatPDF) for academic or work purposes",1.7,446,269,4,5,4,1,1,1,1,2,5,2,3,1,1,1,2,2,2,1,1,4,1,1,1,2,1,1,1,3,1,1,1,1,1,1,1,1,1,1,1,1,5,2,1,2,1,2,1,1,1,1,3,1,2,5,1,1,4,1,4,3,5,1,1,1,1,1,3,1,2,1,1,1,3,1,5,1,1,1,5,1,1,1,1,1,3,3,2,5,3,1,1,1,1,1,1,1,1,1,1,1,2,2,1,3,1,1,1,1,1,1,1,1,1,1,2,1,2,3,1,1,3,3,1,5,1,2,2,1,1,1,1,4,2,1,1,1,1,1,2,1,4,1,1,2,5,1,1,4,1,1,3,2,1,1,4,1,1,1,2,1,1,1,1,3,1,1,1,2,1,1,1,1,5,2,1,1,1,1,4,4,1,3,2,1,1,4,1,1,1,2,1,2,1,2,1,1,2,5,3,,1,1,,1,1,1,1,3,1,1,1,1,1,2,1,1,2,2,1,2,1,3,2,1,1,5,1,1,2,3,1,1,1,2,1,1,1,3,1,1,1,1,1,2,1,1,3,1,2,1,1,1,1,1,1,2,4,1,1,1,1,2,1,1,1,2,1,1,1,1,1
Frequency,Library research instruction for academic courses,1.7,456,267,2,1,2,2,1,2,1,2,1,1,2,1,2,2,2,2,2,1,1,1,5,2,1,1,2,1,2,2,1,1,2,2,4,2,1,2,1,2,1,1,1,2,1,4,5,2,,1,2,2,1,2,2,1,2,2,5,2,2,2,1,2,2,2,2,3,1,1,2,2,2,2,2,2,2,1,1,2,1,2,2,1,1,1,2,1,2,1,2,2,1,2,1,1,1,2,1,2,1,1,1,2,1,1,1,2,1,2,1,1,1,2,2,1,2,2,1,2,1,2,2,1,2,2,1,2,1,1,2,2,1,2,2,1,2,1,2,1,2,2,2,2,1,1,5,1,1,2,2,1,5,2,1,1,2,2,1,1,2,1,1,2,4,1,2,3,2,2,2,2,2,1,2,1,2,2,1,2,1,2,2,1,2,2,2,1,1,1,3,2,2,2,1,3,2,2,2,1,2,,2,2,,1,5,2,1,1,2,2,1,1,1,2,,2,1,1,1,2,2,2,2,1,2,2,1,2,1,2,1,1,2,2,1,4,1,2,2,1,3,2,2,2,2,1,2,2,4,1,2,2,2,1,2,1,1,2,1,1,2,1,1,1,2,1,2,2,1,2,2
Frequency,Library Subject Guides (go/guides),1.7,458,265,1,1,2,4,1,1,1,2,2,1,2,1,2,5,2,1,2,2,1,1,2,,,1,2,1,4,3,1,1,2,1,2,3,1,3,1,2,1,3,1,2,1,5,4,3,1,1,2,1,1,2,2,1,1,1,5,5,1,3,4,1,4,1,1,,1,1,5,2,3,1,2,1,2,3,1,3,1,3,2,1,1,1,2,2,1,1,2,1,1,1,1,1,1,1,2,1,1,1,1,3,1,5,1,2,1,1,1,4,1,2,2,5,2,2,1,1,1,2,1,1,1,1,1,1,1,1,1,2,3,1,2,1,1,1,2,1,1,3,5,2,1,1,3,1,1,1,1,2,5,4,1,1,2,1,3,1,1,3,1,1,3,3,2,3,1,1,1,1,2,1,1,4,2,2,1,1,1,2,3,1,2,1,2,1,1,1,2,1,1,2,1,3,1,2,2,2,1,,5,2,,1,3,1,1,1,1,1,1,3,1,2,,1,1,1,1,1,1,2,1,1,5,1,1,1,1,2,1,1,1,2,1,2,3,1,1,2,1,4,4,1,2,1,1,1,3,1,1,3,1,1,2,1,1,1,1,1,2,1,1,2,1,1,3,2,1,4,2
Frequency,LibrarySearch (go/primo),2.7,719,262,1,1,2,5,3,1,3,2,5,4,4,1,5,5,2,2,2,2,3,1,5,5,4,,1,1,1,5,1,5,4,4,1,4,1,5,3,3,1,3,1,3,1,4,4,3,5,4,4,1,1,5,3,1,3,3,5,5,4,3,4,1,4,1,1,,2,2,,3,3,5,3,5,2,1,1,5,5,5,5,4,3,1,2,4,5,1,3,2,1,4,1,1,4,1,3,5,1,2,2,4,4,3,3,5,2,1,1,4,1,4,2,5,5,2,1,3,1,5,1,1,1,1,5,4,1,1,1,5,4,3,3,1,5,1,2,5,1,1,4,2,1,2,3,2,1,1,1,2,5,4,3,1,5,2,,1,2,2,1,1,4,5,1,5,5,3,3,3,2,1,2,4,1,5,1,5,1,3,5,4,2,4,5,4,1,2,3,3,5,4,5,3,5,5,1,2,1,,4,4,,1,3,2,4,1,1,2,1,3,3,4,,2,5,2,4,1,3,4,1,1,5,1,1,1,1,5,1,1,2,,1,4,3,1,3,,1,1,4,5,4,1,2,1,3,1,1,4,1,1,3,1,1,5,3,3,5,1,3,5,1,4,5,2,3,5,4
Frequency,"Library databases (e.g. JSTOR, Electronic Journals)",3.5,925,268,3,4,5,5,1,4,4,3,5,5,4,3,5,5,5,5,5,3,4,3,5,5,5,4,3,4,5,5,1,1,4,5,4,4,2,5,3,5,1,3,5,5,4,5,4,3,5,5,4,3,1,5,4,1,2,2,5,5,5,2,4,2,3,2,3,5,4,2,3,2,3,5,4,4,3,2,1,4,5,5,5,4,4,1,3,2,5,5,5,1,4,4,4,1,5,1,3,4,1,2,2,4,3,5,5,5,1,5,1,4,1,2,3,1,5,2,3,4,1,4,5,1,3,4,4,4,1,1,3,3,5,4,3,1,5,1,3,3,3,4,5,5,1,2,5,2,1,3,5,1,5,5,4,2,5,3,3,1,2,3,1,3,3,5,4,5,5,3,3,4,5,4,5,4,5,5,1,4,1,4,5,3,2,5,5,4,2,1,3,4,5,4,5,3,5,5,4,1,2,,5,4,,3,5,2,5,5,5,1,1,3,4,4,4,2,5,,5,3,4,4,3,1,5,4,4,3,1,5,1,2,2,3,3,4,3,1,3,3,2,4,4,5,5,5,5,5,3,1,2,4,2,1,4,3,2,5,3,4,4,4,5,5,4,4,5,2,3,5,3
Importance,Data analysis support services,1.8,385,220,,1,1,2,1,4,1,1,1,2,,1,1,3,3,3,4,,1,1,3,1,1,1,1,4,,1,1,3,4,2,1,1,2,,1,1,1,1,1,,,1,1,1,1,,1,3,1,,3,1,1,2,2,,2,,3,1,1,,3,1,4,1,3,2,1,4,3,1,,1,1,2,1,4,,1,2,,1,2,1,1,2,,1,1,1,3,1,1,4,1,4,1,1,4,1,1,1,1,1,1,1,1,1,4,1,,4,1,1,,1,1,1,1,4,1,,1,1,1,1,1,,3,1,1,,1,1,1,1,4,4,2,1,,3,2,,4,1,,4,1,1,4,,1,2,,1,2,2,1,1,2,,1,1,,1,3,2,1,2,1,,1,3,4,1,3,,1,4,2,1,,,,3,,1,1,1,1,2,1,2,3,2,,1,1,4,2,3,1,3,4,1,,,,3,4,1,1,2,,1,3,1,1,,1,2,1,,1,3,1,4,1,1,1,,,1,3,2,,,2,1,,2,,2,,3,1,3,4,1,3,,1,1,1,1,,,1,1,1,2,1,2,1,2,1,1
Importance,"Generative AI tools (e.g., ChatGPT, Bard, ChatPDF) for academic or work purposes",1.8,444,251,4,2,3,1,1,1,1,2,4,1,3,1,1,2,1,1,,1,1,2,1,1,1,2,2,2,2,3,1,3,2,1,1,1,1,3,2,1,1,2,4,2,1,3,1,2,1,1,1,1,4,1,2,4,1,2,3,,2,2,4,1,1,3,1,1,3,1,2,1,1,1,3,1,4,1,2,4,4,2,,1,1,1,2,2,1,4,2,1,1,2,1,1,1,1,,1,1,2,2,2,1,4,1,1,1,1,1,1,1,1,1,,1,1,1,2,1,1,1,1,2,3,,2,1,1,1,1,1,4,4,1,1,1,1,1,3,3,2,1,1,2,3,3,1,4,1,,4,,1,1,1,2,1,,1,2,2,3,1,3,1,1,1,2,1,1,2,1,4,2,1,1,,,3,4,1,2,2,1,2,3,,,2,2,1,2,1,3,1,1,2,4,2,,2,1,4,1,1,1,1,3,1,,1,2,,2,1,1,2,3,3,1,2,1,3,1,1,4,1,2,3,3,2,,1,2,1,1,1,4,2,,,1,1,1,1,3,3,2,3,1,1,1,1,2,1,1,4,4,1,,1,4,1,1,1,3,1,3,3,1,1
Importance,"Support for the use of Generative AI Tools (e.g., ChatGPT, Bard, ChatPDF)",1.8,457,254,4,2,1,1,1,1,1,2,1,1,2,1,1,3,1,1,3,1,1,2,2,1,1,2,3,4,3,3,1,2,4,1,1,1,1,3,3,2,1,2,4,2,1,2,1,3,1,1,1,3,2,1,2,4,1,3,3,,2,3,4,1,1,3,1,1,1,1,2,1,1,1,1,1,,1,2,4,1,2,,1,1,1,2,1,1,4,1,1,1,1,1,1,1,1,2,1,1,2,2,3,1,3,1,1,1,3,1,1,1,1,1,,2,1,1,3,1,1,1,1,3,1,,2,1,1,1,1,1,2,2,1,3,1,1,1,1,4,2,2,1,2,3,3,1,4,1,,4,2,1,1,1,1,1,,2,3,2,4,1,3,1,1,1,2,1,2,2,1,4,2,1,1,3,,3,4,1,2,3,1,4,2,,,2,3,1,2,1,3,1,1,2,4,2,,1,1,4,1,1,1,1,4,1,,1,2,,2,1,1,2,4,3,2,2,1,1,1,1,3,1,,3,3,2,,1,4,1,3,1,4,2,1,3,1,2,1,1,3,3,2,3,1,1,4,1,2,,1,1,4,1,,1,4,1,1,1,3,1,3,3,1,1
Importance,High performance computing,2.0,437,221,,1,4,3,4,2,1,1,1,1,,3,1,3,2,4,3,2,2,1,3,4,1,1,1,3,1,1,4,4,1,4,1,1,2,,2,1,1,1,1,,3,1,1,1,1,,1,3,4,,2,1,1,2,1,,2,,3,1,2,,3,1,4,1,2,2,1,2,2,1,4,3,4,2,1,3,,1,4,,1,1,1,1,,,1,4,1,3,2,1,4,1,4,2,1,4,1,3,2,1,1,1,1,1,1,4,1,,4,3,4,,1,1,1,1,4,4,,1,1,2,1,1,,4,3,1,,1,1,1,1,4,1,1,1,,3,2,4,4,2,2,4,,1,1,,1,3,,1,1,2,2,4,2,,1,1,,1,,3,1,2,1,,1,3,,4,1,,1,4,2,1,3,,,3,,1,1,1,2,1,1,4,3,1,,1,1,4,3,3,1,2,,3,,,4,,4,1,1,4,,1,1,2,1,,1,2,4,,1,3,1,4,1,1,2,4,,1,3,1,,,2,1,,4,,3,,3,1,3,1,1,3,,1,4,1,1,,,1,2,1,,1,2,1,,1,1
Importance,Digital Scholarship/Digital Humanities services,2.0,469,229,2,1,1,4,1,2,1,1,2,1,2,1,2,4,1,1,4,2,1,1,4,4,1,1,1,3,1,2,1,3,4,1,1,1,1,3,1,3,1,2,1,4,,3,1,2,1,,4,2,1,,1,1,1,2,1,,1,,3,1,1,,1,1,1,1,2,2,2,4,2,1,,2,,3,1,4,4,1,2,,1,1,2,2,4,,1,3,1,3,1,1,2,1,,2,1,3,1,1,1,3,1,1,1,1,1,4,1,,4,1,1,,1,1,1,1,4,1,,2,1,1,2,1,,2,2,1,2,1,1,1,1,4,4,3,1,2,3,2,,4,1,,4,3,2,4,,3,2,,1,2,2,2,4,2,3,3,2,2,1,,,3,2,4,3,1,,4,1,1,3,3,4,1,4,4,3,,2,,1,2,1,3,2,3,,3,1,,2,3,4,3,4,1,1,3,1,3,,3,,,3,1,2,,3,2,4,2,,2,4,,3,,3,3,4,2,1,2,,3,1,3,2,,,1,4,,1,,1,,3,1,3,2,1,4,3,1,1,4,2,,3,2,2,1,,1,4,1,,1,2
Importance,Library Subject Guides (go/guides),2.3,566,247,2,1,1,4,1,1,1,2,2,1,2,1,2,4,3,2,3,2,1,1,4,3,2,1,2,3,4,3,1,3,2,2,3,4,1,4,2,4,1,3,1,2,,4,3,4,1,1,3,1,1,2,2,3,,3,4,4,2,2,4,2,4,3,1,,1,1,2,3,4,2,3,2,4,2,1,3,1,4,4,1,,3,3,2,1,1,4,,1,2,1,1,1,1,2,1,2,1,,2,2,4,1,2,1,2,1,3,1,4,2,4,3,3,1,2,1,2,,,3,1,,2,1,1,2,3,3,2,2,1,2,1,2,,1,4,4,3,1,2,4,,1,,1,2,4,3,1,2,2,1,3,,1,4,2,3,4,3,3,4,1,2,1,2,2,1,2,4,4,4,,3,1,1,3,2,4,3,4,2,,2,2,2,2,2,1,3,2,4,3,3,1,,4,3,4,2,3,1,1,3,1,2,1,3,2,3,3,1,2,,2,2,3,3,3,1,4,1,3,,1,2,,,2,4,,1,3,3,2,3,,2,4,2,3,,2,3,3,1,4,4,1,3,4,1,1,4,2,,3,2,1,2,3,1,3,3,3,3,2
Importance,Borrowing laptops,2.4,595,248,2,4,3,3,2,1,2,2,2,4,,2,2,3,4,2,3,3,2,1,3,2,2,1,3,3,2,2,2,3,3,2,1,1,2,2,3,4,1,2,4,,3,4,4,2,1,,1,1,1,2,1,1,3,2,1,,3,,4,1,1,3,2,2,1,1,3,2,4,1,1,1,4,2,4,4,2,4,2,3,3,3,3,2,1,1,,1,1,2,1,3,3,2,4,1,3,4,,3,1,2,2,2,1,4,2,2,2,4,1,,4,1,1,3,1,2,4,1,3,2,,2,1,3,2,4,3,3,2,1,,1,3,1,1,4,1,1,1,,3,3,4,4,4,3,4,2,2,4,3,2,3,,3,4,2,1,4,3,1,1,2,,2,3,3,3,2,2,4,3,3,3,1,1,3,3,4,2,4,4,,3,2,,1,1,2,2,2,3,2,3,2,,3,1,4,4,3,1,2,3,2,4,4,4,4,3,1,1,4,2,3,3,4,1,1,1,2,,2,2,4,4,4,1,1,3,4,3,1,3,2,,,2,4,,2,4,2,3,3,1,3,2,4,,2,,4,4,1,,3,2,2,1,2,1,3,2,2,2,3
Importance,Borrowing technology equipment,2.6,662,255,2,4,3,3,2,2,4,2,2,4,2,2,2,3,3,2,3,3,2,1,3,4,4,3,3,2,2,3,2,2,3,3,1,3,2,2,2,4,1,4,4,,3,4,4,3,1,,2,1,1,3,1,1,1,2,3,3,3,,4,1,3,3,2,2,1,2,3,2,4,1,1,3,4,2,4,4,1,4,2,3,3,3,3,2,2,3,,1,1,4,1,3,3,2,4,1,2,4,,3,3,2,2,2,3,4,2,1,2,4,1,,4,1,1,3,4,1,2,1,3,2,,2,1,3,1,4,3,3,2,1,3,1,3,1,1,4,2,1,3,,3,3,4,4,4,3,4,2,2,4,3,3,3,4,3,2,2,1,4,3,3,1,3,4,1,3,3,,2,2,4,3,,3,2,1,3,2,4,2,2,3,,3,3,3,1,2,1,2,2,3,2,3,2,,4,2,4,3,3,2,2,3,2,4,,4,4,3,2,1,4,3,1,2,4,2,1,3,4,2,2,2,4,4,4,1,1,3,4,,1,3,2,3,3,2,4,4,3,4,2,3,3,4,4,3,2,,3,4,4,4,2,,4,2,3,2,3,1,4,3,2,2,4
Importance,Library research instruction for academic courses,2.6,685,259,3,1,2,4,1,3,2,3,2,1,2,1,3,4,3,4,3,2,1,1,4,2,1,1,2,4,3,3,1,4,3,3,1,4,3,2,3,4,1,3,1,3,3,4,3,4,3,2,4,2,1,3,4,1,1,3,2,4,3,4,2,1,2,3,1,1,3,1,3,3,4,3,3,2,4,2,1,3,1,4,4,1,3,3,2,1,4,2,3,4,1,4,3,3,2,2,,1,1,2,1,3,2,1,2,3,1,4,1,1,1,4,3,2,4,2,1,3,1,4,3,1,4,2,,4,2,1,3,2,2,4,3,1,4,3,2,1,4,4,4,3,1,2,4,2,1,4,2,,4,3,2,2,2,3,2,,1,3,2,3,4,2,3,4,3,2,2,3,4,2,3,1,4,4,,4,1,4,4,2,4,3,4,2,1,,4,3,3,4,3,4,3,4,3,3,2,,4,4,4,3,4,3,3,,1,,1,3,3,3,2,2,2,2,2,3,4,2,4,1,3,4,3,2,3,2,4,2,4,4,,4,1,3,4,3,4,4,2,2,2,,2,2,3,1,4,4,3,3,3,1,3,4,2,4,3,3,2,,4,1,4,3,3,4,3
Importance,Support for your specialized computing needs,2.8,672,244,3,2,2,4,4,,3,2,3,2,2,2,3,3,4,3,4,2,4,2,4,4,4,1,2,3,4,4,4,4,3,4,1,4,4,2,4,2,2,2,1,2,2,4,3,1,3,1,3,1,4,4,3,1,1,2,3,3,3,3,4,1,3,3,4,1,4,1,3,2,2,3,2,2,4,3,2,3,1,4,,1,3,3,3,3,2,1,1,,1,4,3,3,2,4,4,2,4,1,,4,1,4,3,,,4,2,1,4,4,1,,4,3,1,,1,3,2,1,4,4,,1,,3,3,1,3,4,3,2,,2,1,1,4,4,3,2,4,,3,,4,4,1,3,4,2,2,4,2,2,1,,1,2,3,4,4,4,3,4,1,,1,3,3,1,3,2,4,1,3,,4,1,,2,4,4,3,3,4,4,2,4,2,2,1,3,,2,4,3,2,,3,2,4,4,1,1,3,4,3,,1,4,3,4,2,3,3,2,2,4,2,2,1,4,2,4,3,,3,,4,2,1,4,3,4,2,3,3,,2,4,4,2,4,4,2,,3,1,4,4,1,3,4,4,3,2,4,,,4,3,2,4,,4,3,3,4,4
Importance,LibrarySearch (go/primo),2.8,699,248,2,1,2,4,2,,3,2,4,2,4,1,4,4,2,2,3,2,3,1,4,4,4,,2,3,,4,1,2,4,2,1,4,1,4,4,4,1,3,1,2,,4,3,4,4,2,3,1,1,4,3,1,3,2,3,4,2,2,4,1,4,3,1,,3,1,4,4,4,4,2,3,4,2,1,4,1,4,4,4,2,3,3,3,4,1,3,,1,4,1,1,4,1,4,4,1,3,3,3,4,3,2,4,2,4,1,4,1,4,2,4,4,3,1,3,1,4,,1,3,1,,4,2,1,2,4,4,4,4,1,4,1,2,,1,3,4,3,1,2,4,4,1,,1,3,4,3,4,1,4,2,3,,1,4,2,3,4,4,1,4,1,3,4,4,3,1,3,4,,4,,4,1,1,4,4,4,4,4,4,,3,3,3,4,3,4,3,4,4,3,4,1,,3,3,4,2,3,2,3,3,1,2,1,3,3,4,3,2,4,2,3,3,4,4,1,1,4,1,3,,1,4,,,1,4,,4,4,3,3,3,,1,4,4,4,,2,4,3,1,4,4,1,,4,1,1,4,3,4,4,2,4,3,,4,4,3,3,4,4
Importance,Library support for your scholarly research,2.9,739,257,3,1,1,4,1,1,4,3,4,1,4,1,3,4,3,3,4,2,1,1,4,4,2,1,2,3,3,4,1,3,4,3,4,4,2,2,2,4,1,2,1,4,3,4,3,3,1,2,1,4,1,4,2,2,1,3,2,4,2,,4,2,4,3,2,2,3,2,3,2,4,4,3,2,,4,1,4,1,4,4,3,3,3,1,2,3,4,3,,1,4,4,3,2,1,4,4,3,1,3,4,1,4,4,1,,4,2,3,1,4,3,4,4,3,3,3,1,4,3,1,4,2,,4,1,4,4,3,2,3,3,1,4,3,2,1,1,4,2,3,1,,3,1,1,,4,,4,3,2,4,3,3,2,,1,4,2,3,4,4,3,4,4,2,4,4,4,4,1,1,4,4,,4,1,4,4,4,4,4,4,4,,1,4,3,4,3,2,3,4,4,3,3,2,,4,3,4,3,4,1,4,4,2,2,1,3,4,3,3,2,2,4,4,2,4,4,1,2,2,4,3,,1,4,4,3,1,4,3,4,4,3,3,3,4,4,4,4,4,,2,4,3,1,3,4,2,3,4,2,4,4,2,4,3,3,2,4,3,4,4,2,3,4,3
Importance,Your input into library decisions that affect you,3.2,847,262,4,1,2,4,1,4,4,2,4,3,,2,2,4,4,2,4,4,4,1,4,4,3,4,3,3,4,4,1,4,3,3,1,3,4,4,4,4,1,3,1,3,3,4,4,2,2,2,4,4,4,4,3,4,3,2,4,4,2,3,3,4,4,2,2,,4,4,3,4,4,4,3,4,,3,2,4,3,4,4,4,2,4,4,3,3,4,4,3,1,4,4,3,2,1,4,4,3,1,3,4,2,4,3,3,1,4,4,3,2,4,2,4,4,2,4,3,1,3,4,1,4,3,,4,2,4,3,4,4,4,3,2,4,2,2,4,3,4,4,3,3,2,4,3,,3,4,2,4,3,3,4,3,3,3,,2,3,2,3,3,4,4,3,3,3,4,4,3,4,4,4,4,4,,4,2,1,4,4,4,4,4,2,3,2,3,3,4,3,3,4,4,4,3,3,3,,4,3,4,3,4,3,3,4,2,4,,4,3,4,2,2,4,4,3,3,4,3,3,3,4,4,3,2,4,4,2,2,1,4,3,3,4,3,4,4,2,4,4,4,4,4,4,3,3,1,4,4,2,3,4,4,4,4,4,4,4,3,4,4,4,3,4,4,3,4,4
Importance,Library support for your students' scholarly research,3.3,868,265,4,3,2,4,1,4,4,4,4,1,3,1,3,4,4,4,4,2,2,2,4,4,4,2,3,4,3,4,1,2,4,4,3,4,3,2,3,4,3,3,1,4,4,4,3,4,3,4,4,2,1,4,3,3,3,3,4,4,2,4,4,2,4,3,2,3,3,2,3,4,4,3,3,4,4,3,1,4,4,4,4,3,4,3,3,2,4,4,4,4,2,4,4,3,3,2,4,4,3,2,2,4,3,3,4,4,,4,2,3,1,4,4,3,4,3,2,4,1,4,3,1,4,2,,4,2,4,4,4,2,4,4,1,4,3,2,1,4,4,4,4,1,3,4,2,4,4,4,4,4,3,3,4,3,4,3,,1,4,2,3,4,4,3,4,4,3,4,4,4,4,4,3,4,4,,4,1,2,3,4,4,4,4,4,4,2,3,4,4,3,3,4,4,4,4,3,3,,4,4,4,3,4,2,4,4,2,2,1,4,4,4,3,3,4,4,4,4,4,4,3,4,3,4,3,2,1,4,4,3,3,4,3,4,4,3,4,3,4,4,3,4,4,,2,4,3,1,3,4,3,4,4,4,4,4,4,4,4,4,2,2,4,3,4,2,3,4,4
Importance,Access to free or low cost course textbooks and other materials,3.3,839,256,4,3,4,4,3,3,4,4,2,3,4,2,4,2,4,4,4,4,3,3,3,4,4,4,4,4,4,4,1,3,4,4,1,3,4,4,4,4,2,4,1,3,3,4,4,3,4,4,3,4,1,4,4,3,3,3,1,4,2,2,4,1,4,4,4,4,3,2,4,4,4,4,,3,,2,1,4,1,4,4,1,4,2,3,4,4,,4,2,1,4,4,3,4,2,3,2,3,4,4,4,4,3,4,4,1,4,2,3,1,4,3,,4,2,2,4,1,4,4,1,3,3,,4,2,1,3,4,3,2,3,2,4,3,4,4,4,4,4,3,1,4,4,4,,4,4,,4,4,3,3,4,4,4,,4,4,3,3,4,4,3,1,2,2,4,2,3,,4,4,4,3,3,4,2,4,3,3,4,4,4,3,4,1,3,4,3,4,1,2,4,4,,,3,,4,4,4,4,4,4,2,4,3,4,,4,4,4,2,2,4,4,4,3,4,4,4,2,4,4,4,2,,3,4,2,1,3,4,3,4,3,4,4,4,4,4,4,4,4,3,4,3,3,4,,2,4,3,4,1,4,4,4,4,4,2,3,4,4,4,4,2,4,3
Importance,"Library databases (e.g. JSTOR, Electronic Journals)",3.6,931,262,4,4,4,4,1,4,4,3,4,4,4,4,4,4,4,4,4,3,3,2,4,4,4,4,4,4,4,4,1,3,4,4,4,4,4,4,4,4,1,4,4,4,4,4,3,4,4,4,4,4,1,4,4,4,3,2,4,4,4,3,4,2,4,3,2,4,4,3,4,3,4,4,4,4,4,2,1,4,4,4,4,4,4,3,4,2,4,4,4,,4,4,4,3,4,1,4,4,4,3,4,4,4,4,4,4,1,4,2,4,1,4,4,1,4,3,3,4,1,4,4,1,4,4,,4,2,1,4,4,4,4,4,1,4,3,4,4,4,4,4,4,1,3,4,2,1,4,4,,4,4,4,4,4,4,3,,3,4,1,3,4,4,4,4,4,3,4,4,4,4,4,4,4,4,,4,2,4,4,4,4,4,4,4,4,2,4,4,4,4,4,4,4,4,4,,1,,4,4,4,3,4,3,3,4,4,2,,4,4,4,4,2,4,4,4,4,4,4,4,1,4,4,4,3,3,4,4,3,3,4,4,4,4,3,4,4,4,4,4,4,4,4,4,4,3,1,4,4,2,,4,4,4,4,4,4,4,4,4,4,4,4,4,3,4,4,3
Informed,"Generative AI tools (e.g., ChatGPT, Bard, ChatPDF)",1.9,489,259,3,3,3,4,4,1,4,1,3,2,3,2,2,4,,2,3,1,4,3,1,4,,2,2,2,1,3,1,3,1,1,3,2,1,1,2,2,1,1,1,1,1,1,3,2,1,2,2,2,2,1,1,4,3,2,2,3,2,2,3,1,1,,1,2,4,2,1,1,1,1,3,1,2,3,1,1,4,3,2,1,2,4,1,2,3,2,3,1,2,2,1,2,1,3,2,1,1,1,2,2,1,2,3,1,2,1,2,2,1,3,2,1,2,1,4,2,,1,3,1,1,3,,2,2,4,1,1,3,,3,1,2,1,2,3,3,2,1,2,1,2,3,1,1,4,1,1,2,3,1,1,2,2,1,1,1,1,2,1,3,2,2,1,3,3,2,1,1,2,3,2,2,3,1,2,4,,2,,3,1,2,2,1,2,2,2,1,2,2,2,2,1,2,2,1,,2,3,2,,2,2,1,1,1,1,1,2,2,2,1,2,2,1,2,2,2,1,3,1,1,4,2,2,2,2,1,2,1,1,1,2,3,2,2,1,1,1,1,1,1,3,2,1,2,2,1,1,,2,2,1,,4,1,2,1,2,1,2,2,2,1,2,1,1,3
Informed,Availability of assistive technologies to address disabilities,1.9,487,256,2,3,3,4,2,2,4,3,1,2,1,1,2,4,,2,3,2,4,3,2,4,3,2,3,1,1,3,2,3,1,1,1,2,1,1,2,2,,,3,1,1,2,3,3,1,1,1,2,3,2,2,2,2,2,2,3,2,2,1,3,2,,2,2,4,2,3,2,1,2,2,3,3,3,1,2,1,3,2,1,1,2,1,1,3,1,3,2,1,2,1,3,2,3,1,2,2,2,1,2,2,2,2,1,,1,2,2,1,2,2,1,1,2,2,3,4,1,2,1,1,3,,2,2,4,1,1,2,,2,2,2,1,2,2,3,3,2,1,1,3,2,1,2,1,1,4,2,2,2,1,1,2,3,1,1,1,2,2,3,1,2,2,3,2,2,2,2,2,1,2,1,3,2,1,2,,2,,3,1,2,1,1,1,2,2,1,2,2,2,2,2,1,2,,,1,2,2,,2,2,1,1,1,2,1,2,2,1,1,1,2,1,1,1,1,2,3,2,3,1,3,2,2,3,1,2,1,1,2,1,3,2,2,,1,2,1,1,3,2,1,2,2,2,2,1,,3,2,2,,2,2,2,2,1,2,2,1,1,2,2,1,3,2
Informed,Available library services,2.6,683,261,3,,3,4,3,2,4,3,3,2,3,3,2,4,,2,4,2,4,3,2,4,4,2,3,2,2,4,2,3,2,2,3,2,1,3,2,2,3,2,3,3,2,2,3,4,3,2,3,3,3,3,3,3,3,2,2,3,3,2,2,3,3,,2,2,4,2,3,2,2,2,3,3,3,3,1,4,4,4,3,3,3,3,2,2,3,2,3,2,3,2,1,3,3,3,2,4,3,2,3,3,2,3,2,3,2,2,2,3,1,3,3,4,3,2,3,3,4,4,1,1,3,2,,2,2,4,2,3,2,3,4,1,3,1,2,3,3,3,3,3,2,3,3,3,2,3,3,4,2,2,2,3,3,3,3,2,2,2,2,3,4,2,3,2,4,3,2,3,3,2,3,3,3,3,2,3,2,,3,,3,3,3,3,2,2,3,2,4,3,2,3,2,2,2,2,1,,2,3,2,,2,2,2,1,2,2,1,2,2,3,2,2,4,2,3,2,3,3,3,3,3,2,3,2,2,3,2,2,2,2,3,3,3,2,3,2,3,2,2,2,3,3,2,2,2,2,3,3,,3,4,2,,4,3,3,2,3,2,3,2,2,3,2,3,4,4
Interest in: ,"Generative AI tools (e.g., ChatGPT, Bard, ChatPDF)",2.2,570,259,4,1,1,1,1,4,1,1,1,2,3,1,1,4,,2,3,2,1,1,2,1,1,4,4,2,4,3,2,1,4,1,3,2,1,4,3,2,2,2,4,4,2,3,2,4,1,2,1,2,3,2,2,1,1,3,,1,2,3,2,2,3,3,1,1,4,2,4,1,2,2,3,2,3,1,4,2,1,3,2,1,1,1,3,2,3,4,2,3,2,2,2,1,1,1,3,3,1,3,2,3,4,4,1,1,1,3,2,1,1,2,1,1,2,3,1,4,1,2,2,3,4,3,,2,2,1,1,4,1,,3,2,2,3,1,3,1,4,3,2,1,4,3,3,1,3,1,1,3,2,2,1,2,3,2,1,2,2,2,4,4,4,2,3,2,3,1,2,3,2,3,3,2,1,2,4,3,,2,,1,1,2,3,,2,1,3,1,2,1,4,1,2,2,3,,,1,1,4,,4,3,1,4,1,2,2,2,1,1,2,1,2,4,2,3,2,2,3,1,3,2,2,1,2,3,2,2,1,3,2,3,1,3,3,1,4,1,3,1,1,1,4,3,2,1,1,2,,2,2,4,,4,1,3,4,3,2,1,2,4,2,4,4,2,1
Learning by,One-on-one instruction,2.4,619,257,4,2,1,2,1,4,1,4,1,1,3,2,2,4,,2,4,3,1,1,4,2,1,4,2,2,4,3,2,2,3,3,1,1,1,2,3,2,1,1,4,4,3,4,4,3,3,3,4,2,3,3,1,1,2,3,,1,1,2,2,3,4,,1,3,1,2,4,3,1,3,1,2,2,2,4,3,1,4,1,3,1,3,2,2,2,3,2,1,1,3,1,1,2,1,2,2,3,1,1,3,4,2,3,4,1,3,2,2,1,4,2,1,2,3,1,3,1,2,2,1,4,1,,3,2,1,1,4,1,,4,1,2,2,2,3,1,3,4,2,1,1,3,1,4,1,3,1,4,3,2,1,3,3,2,1,1,2,2,3,4,4,2,3,3,3,1,4,2,2,1,3,,4,4,2,1,,3,,3,4,3,3,,4,3,4,3,3,2,2,3,3,3,3,,,3,1,4,,4,2,2,2,1,4,3,2,3,3,2,3,2,3,2,2,3,3,1,2,3,2,2,1,2,2,1,2,3,4,2,2,2,2,4,2,4,2,4,1,4,1,3,3,2,4,1,3,,2,4,2,,4,1,3,4,1,2,4,4,3,4,2,3,4,3
Learning by,Peer group learning,2.1,522,253,2,2,3,2,1,1,1,2,2,1,2,1,2,3,,1,3,3,1,1,4,2,1,4,2,2,4,2,2,2,3,2,2,1,1,1,3,3,1,2,4,2,3,3,4,4,2,3,1,2,1,1,2,1,1,2,,1,2,2,1,3,1,4,2,3,4,1,3,2,1,2,2,2,3,2,4,1,1,2,2,1,1,2,3,2,3,2,2,1,2,1,4,1,1,1,3,1,1,1,1,3,4,2,3,2,1,1,3,2,1,3,1,1,4,1,1,4,1,2,2,1,4,3,,3,2,1,1,4,3,,2,1,3,1,2,,1,4,3,1,1,2,3,1,4,3,1,1,2,3,1,1,3,,2,1,3,2,2,2,4,4,2,2,1,1,1,1,3,2,1,1,2,1,2,4,4,,3,,3,2,3,2,,2,2,1,1,2,2,3,2,2,,,3,,1,1,4,,4,2,2,3,1,1,1,3,2,3,2,1,3,2,,3,3,1,1,4,3,2,,1,3,2,1,1,1,1,2,3,1,3,3,1,1,2,2,1,3,2,1,1,2,2,2,2,,3,4,1,,2,1,3,3,1,2,1,3,3,4,3,,1,2
Learning by,Self-directed with documentation,2.4,619,254,3,2,3,1,1,1,1,1,4,3,3,2,2,2,,3,2,2,4,1,2,2,1,2,4,2,2,3,2,2,,4,3,1,2,4,3,2,1,2,4,2,3,2,4,3,2,1,1,2,2,2,2,4,3,3,,1,2,4,3,1,4,4,2,1,4,3,3,4,2,2,3,2,4,2,4,4,4,3,3,2,4,4,1,3,2,4,4,3,2,2,4,1,4,3,3,2,4,4,3,4,2,3,1,2,3,1,1,2,3,3,2,2,3,3,3,2,1,3,1,1,1,2,,3,3,1,1,4,1,,4,2,3,1,2,,3,4,4,3,1,2,3,3,2,3,4,1,1,4,2,1,2,3,2,1,1,2,2,2,4,4,4,3,2,2,3,3,4,2,3,3,1,2,2,2,4,,2,,2,1,1,2,,1,2,3,4,1,4,2,2,1,2,,3,,2,1,4,,4,2,2,1,3,1,1,3,4,3,2,3,3,1,,3,1,1,4,4,2,4,3,2,3,2,3,3,3,2,3,2,2,3,2,2,2,2,1,3,4,1,4,2,2,1,3,1,,1,2,2,,4,3,2,4,,2,1,3,1,4,3,,1,2
Learning by,Self-directed with online tutorial,2.4,622,256,3,3,3,1,1,1,1,1,4,3,3,2,2,2,,4,2,2,1,1,4,2,1,3,4,2,2,3,2,2,,4,3,1,2,4,3,2,1,2,4,2,3,2,4,3,2,1,1,2,3,2,2,4,3,3,,1,1,4,3,1,4,4,2,1,4,3,3,4,2,2,3,2,4,3,4,2,4,3,3,2,3,4,1,3,2,4,1,3,2,2,4,1,4,3,2,2,2,4,3,4,2,2,1,2,4,1,2,2,2,2,2,1,3,3,4,1,1,2,1,1,1,3,,3,3,4,1,4,1,,4,2,3,3,1,,3,4,4,3,1,2,3,3,3,3,4,1,1,4,2,3,2,3,2,1,1,2,2,4,4,4,4,3,2,2,3,3,3,2,3,3,1,4,2,3,2,,2,,2,1,1,2,,1,2,2,1,1,1,2,2,1,2,3,3,,2,1,4,,4,2,2,4,3,1,2,3,4,3,2,2,2,2,,2,1,3,4,4,2,1,3,2,3,2,3,3,3,1,3,3,1,3,2,2,4,2,1,3,4,2,4,2,2,1,3,2,,1,2,1,,4,3,2,4,,2,1,2,1,4,3,3,1,3
Learning by,Trial and error,2.0,499,250,2,1,2,1,1,1,1,1,3,3,3,3,2,3,,4,1,2,4,1,1,2,1,2,4,2,1,3,2,2,,1,1,3,1,4,1,2,1,2,4,2,2,2,4,2,1,1,1,1,3,1,2,4,2,3,,1,2,4,2,1,2,,2,2,4,1,3,4,2,1,3,2,4,2,1,4,1,1,1,1,2,4,3,2,1,1,2,1,1,2,4,1,3,3,2,4,3,3,2,1,1,2,2,1,2,1,2,1,1,2,2,2,3,1,4,4,1,1,2,1,1,3,,2,3,1,1,1,3,,2,1,2,2,,,3,2,1,1,1,1,3,1,2,1,2,1,1,2,2,3,1,1,1,1,4,2,2,1,4,2,4,1,2,1,2,1,2,2,4,4,1,3,1,1,2,,2,,,1,3,1,,1,1,2,2,1,2,2,2,1,2,3,,,1,1,4,,4,2,1,3,3,1,2,3,1,3,2,1,3,2,,3,1,2,4,2,1,2,1,1,3,2,3,,3,,3,2,1,1,2,2,1,2,1,3,2,3,4,1,2,1,3,2,,2,2,3,,3,1,1,1,,2,1,1,3,4,1,3,1,2
Learning by,Workshop/Training Session,2.5,635,258,3,2,1,2,1,3,3,2,2,1,2,3,2,4,,1,3,3,1,1,4,2,1,4,2,2,4,3,2,2,3,3,2,1,2,1,3,3,1,2,4,3,3,4,4,4,2,3,1,2,,3,2,2,1,2,,1,2,2,1,3,4,4,2,3,4,2,4,2,2,3,2,2,2,2,4,2,1,4,2,3,1,2,4,1,3,3,3,1,2,2,3,1,1,1,3,1,2,2,1,4,4,2,3,4,1,2,1,2,1,3,2,1,4,3,1,3,1,3,2,1,4,3,,3,2,1,1,4,3,,2,2,3,3,2,,1,4,3,4,1,3,4,1,4,3,3,2,3,3,2,3,3,3,2,1,2,2,2,2,4,4,2,2,2,2,2,3,3,2,1,2,2,1,4,4,1,,3,,3,4,3,4,,4,3,1,2,3,2,3,3,3,3,3,3,,2,1,4,,4,2,3,2,1,2,2,3,3,3,2,2,2,3,2,3,3,3,2,4,2,2,2,1,3,2,4,1,3,2,2,2,2,3,3,1,3,2,4,3,4,2,1,1,2,3,2,3,,3,4,3,,4,1,3,4,3,2,2,3,3,4,4,3,2,4
Satisfaction,"Support for the use of Generative AI Tools (e.g., ChatGPT, Bard, ChatPDF)",2.9,165,57,2,,,,,,,,,,,,1,4,,,,,,,,1,,,3,,,3,,4,,,,,,,,4,,,1,,,,,3,,,,,,,,4,,,4,,,4,3,,,,,,,,,,,,,,,,,,,,,,,,2,,,2,,,,,,,,,3,,,,,2,,3,,,,,,,,4,,,,,,2,,,,,,,,4,,,,,4,,2,,,,,4,,,4,,,3,3,,,,,,2,4,,,,,,,3,4,,,,3,,,,3,,,,,2,,,1,,,2,,,,,,,3,,,,,,,,3,,,4,4,,,,,4,,,1,,,,,,,,4,,,,2,,,,,,,,3,,,,3,,,,2,,2,,4,,,,4,,,,,3,,3,,,1,,,,,,4,,,,3,,,,1,,,,,
Satisfaction,Data analysis support services,3.0,131,43,,,,,,,,,,,,,,4,,,,,,,2,,,,,,,,,4,,3,,,,,,,,,,,,,3,,,,,4,,,3,,,,,,,4,,,,,1,,1,,4,4,,3,3,,,,,,,3,,,4,,,,,,,,,,,,,,2,,2,,,3,,,,,,,,,,,,,,,,,,,,,3,,,,,,,,,,,,,,,,,1,4,,,,4,,,,,,1,,,4,,,4,,,,,,,,,,,,,,,,2,,,,,2,,,,,4,,,,,,3,,,,,,,,,,,,,,4,,,,3,,,,,,,3,,,3,,,1,,,,4,,,,,,,,,,,,,,,4,,,4,,,3,,3,,3,,4,,,,,,,,,,,,3,,,,,,,,
Satisfaction,"Generative AI tools (e.g., ChatGPT, Bard, ChatPDF) for academic or work purposes",3.1,224,72,3,,3,,,,,,4,,3,,1,4,,,,,,,,1,,2,3,,,3,,4,,,,,,,,4,,,1,3,,,,4,,,,,,,,4,,,4,,3,4,3,,,,,,,,,,,,4,,4,,,,4,,,,,,2,3,,2,,,,,,,,,,,,4,4,3,,3,,,,,,,,,,,,,,2,,,3,,4,4,,4,,,,,4,,4,,,,,,,3,4,,,3,3,,,4,,,3,4,,,,,,,3,,,,,3,,,,3,,,,,2,4,,1,,,2,,,,,,,3,,,,,,,,3,1,,4,4,3,,,,4,,,,,,,,,,,4,,,,1,,,,,4,,,3,,2,,3,,,,2,,,,4,,,,4,,,,,3,,3,,,,,,,,,4,,,,3,,,,1,,,,,
Satisfaction,Your input into library decisions that affect you,3.2,662,207,3,,4,4,,3,2,4,4,4,,1,2,4,,3,3,2,2,,2,4,4,2,4,4,,3,,4,,2,,4,1,3,3,4,,4,1,4,3,2,4,4,4,,2,3,4,4,4,1,4,3,,4,4,4,4,4,,,2,,4,3,3,4,4,2,2,4,,4,,3,2,4,1,4,,4,4,3,,1,4,3,4,,2,,,4,4,4,3,,3,2,3,2,3,4,,,3,4,,4,3,1,4,4,3,4,,4,1,,2,2,,3,,2,3,,2,,4,3,,2,4,4,,4,3,4,4,4,3,4,,,2,4,1,4,,4,,3,,,4,4,4,4,4,4,4,3,4,3,2,4,4,3,4,4,3,1,,3,,,4,3,4,4,1,4,,4,3,2,4,3,3,4,1,2,3,,,,1,2,2,,4,3,4,4,,4,,4,3,3,4,,4,3,,3,2,,4,3,4,3,4,2,,3,,4,,1,,4,4,4,4,4,,4,3,2,3,,4,4,3,,4,,,4,3,,,4,4,4,2,3,4,1,3,2,3,3,4,2,3
Satisfaction,Access to free or low cost course textbooks and other materials,3.2,627,196,3,4,3,,4,,3,2,4,4,2,,3,4,,2,3,3,3,,4,3,4,2,3,4,,3,,4,3,2,,4,1,4,2,4,,4,,3,3,3,4,3,4,3,3,4,,4,3,2,4,3,,3,3,,,,3,,3,2,3,3,3,4,4,3,,4,,4,,4,,,4,,3,,4,3,4,,3,2,,4,1,,2,,2,,4,4,,2,4,3,3,4,,1,,4,,,1,4,,,3,2,,4,3,,3,3,,4,4,,4,3,3,,4,,4,,4,3,,2,4,3,,3,4,3,1,4,3,,1,2,3,4,4,3,4,,,4,3,3,4,4,4,,4,,3,4,3,,3,4,2,,,4,4,,4,3,3,3,3,,,,3,3,4,3,,,2,1,4,3,,,1,2,4,,3,3,3,3,,4,,4,2,4,4,3,3,2,3,3,3,2,4,4,4,4,4,2,,3,,,,3,4,4,4,,4,3,3,4,3,2,4,,2,2,3,,4,,,4,4,,,4,3,3,3,3,3,4,2,3,4,4,,3,3
Satisfaction,High performance computing,3.3,177,53,,,4,,4,,,,,,,4,,4,,3,,,4,,,4,,,,4,,,3,4,,4,,,,,3,,,,,,4,,,,,,,4,4,,,,,,,,,,,,,,1,,1,,,4,,,4,,,4,4,,,,,,3,,,,,,,,,4,,,,,4,,4,,,3,,3,,,,,,,,,,,,,3,,,,,,3,4,,,,3,,,,,,,,,,,,1,,,,,4,,,,,,1,,,,,,4,,,,,,4,4,,,,,,,,,,,,,,,4,,,,4,,,,,,3,,,,,,,,,,,,,,4,,,,,,,,,,,1,,,3,,,,,,,,,2,,,,,,,,,4,,,,,,,4,,,3,1,,,3,,4,,,4,,,,,,,3,,3,,,,,,,,
Satisfaction,Support for your specialized computing needs,3.4,479,141,3,,3,,4,,,,4,,,4,,4,,4,4,,3,,2,4,4,,,4,,4,4,4,,1,,4,4,4,3,4,,,,,3,4,4,,,,3,4,4,4,4,,,4,,,4,4,4,4,,,1,,1,3,4,4,,3,3,4,,4,3,4,,3,,,3,,4,,4,,,,,4,,4,,2,4,3,1,,,2,,4,3,4,,,2,,,4,1,,,4,,,4,,2,,3,2,,4,4,2,4,,4,,4,,,,4,,1,4,4,,,,,,2,,,3,1,4,,4,4,,,,,,,,4,4,4,4,,,,3,4,,3,4,3,,,,3,,,4,4,4,,3,,,3,,,4,,4,,,4,4,,,2,,4,,4,,2,4,,4,,4,3,2,,3,3,,,3,,,,4,4,3,4,,4,,,,3,1,4,,,4,4,,4,4,1,,2,,3,,3,,4,,,4,,,,4,,,4,3,4,,3,,4,,,3,3
Satisfaction,Responsiveness to your changing information technology needs,3.4,762,222,3,,3,4,3,4,2,4,4,4,,1,2,4,,3,4,3,2,,4,4,4,,4,4,,3,3,4,4,3,4,4,2,4,3,4,4,4,1,4,3,4,4,4,4,,2,4,4,4,4,,,4,,4,3,4,4,4,,,1,,1,3,4,4,4,3,3,4,,4,4,4,4,4,4,4,4,3,4,3,,2,1,3,4,4,3,,4,4,3,4,2,,,2,4,3,3,4,,,4,4,1,4,3,,4,4,3,4,4,3,3,,4,3,,4,4,3,4,3,3,,4,4,4,3,4,4,,3,4,4,4,4,3,4,1,3,4,4,1,3,,,,3,4,4,4,4,4,4,4,4,4,3,4,3,,4,4,4,4,4,3,,4,3,2,,4,2,4,4,4,,,4,3,3,4,4,,3,3,3,4,,,,1,4,2,,4,3,3,3,,4,4,3,3,3,4,4,3,3,,4,4,3,4,4,4,3,4,3,4,3,,4,3,1,,4,4,4,4,3,4,4,2,3,3,1,3,3,3,4,4,,,4,4,,,4,4,,4,3,4,,,3,3,2,4,4,3
Satisfaction,"Library databases (e.g. JSTOR, Electronic Journals)",3.4,770,224,3,4,3,4,4,4,2,4,4,3,2,4,4,4,,2,3,3,3,,4,3,4,2,3,4,3,4,,4,4,3,4,4,,4,2,4,,4,4,3,3,2,4,4,4,4,2,4,4,4,3,2,4,4,,3,4,,4,4,4,,3,2,3,4,4,4,4,3,3,4,4,4,,4,4,4,3,4,4,4,3,2,4,2,2,,4,4,3,,4,4,2,4,4,4,4,4,3,1,3,4,,4,,4,,4,4,,2,4,,4,,4,3,,4,3,,4,4,,4,3,3,,4,,3,4,4,4,,4,4,4,,4,4,4,,4,3,,1,4,4,4,4,4,4,,3,3,,4,4,4,4,2,4,4,3,3,4,,3,4,2,1,,4,,,4,3,4,4,3,4,,,3,3,4,2,4,4,4,3,1,3,2,,1,3,4,,4,4,4,3,,4,,3,3,4,4,3,3,2,4,3,2,4,4,,4,2,4,2,,3,,4,3,3,4,4,4,,4,4,3,1,4,2,4,4,4,4,3,,4,4,,,4,,,4,2,3,2,4,3,4,3,3,4,4,4,3,3
Satisfaction,Library support for your scholarly research,3.5,661,190,4,2,,,,,3,4,4,,2,,2,4,,3,4,4,,,4,3,4,,4,,,4,,4,4,3,4,4,4,4,3,4,,4,1,3,,4,3,4,,1,,4,,4,4,2,,3,,3,4,4,4,4,4,,,,4,3,4,4,4,3,3,4,,3,,4,,4,4,4,3,4,4,2,4,1,4,,,4,3,4,4,4,4,4,4,,4,4,4,3,3,,,3,,4,,4,1,4,2,4,,,,4,2,,1,4,,4,,2,4,3,4,,4,,3,,4,4,,4,4,4,,,3,,,4,3,,1,3,,4,3,4,,,,4,,4,4,4,4,4,4,4,3,3,4,,3,4,2,1,,4,,,4,1,4,4,4,3,,,3,,4,4,4,4,3,3,4,4,,,3,3,4,,4,,1,4,,4,,4,3,4,4,4,,1,4,2,4,2,,3,4,2,4,,,3,,4,,2,4,4,4,4,4,4,4,4,3,4,3,,,4,3,,4,4,,4,,,,4,,4,4,3,,4,3,3,4,4,4,4,3
Satisfaction,LibrarySearch (go/primo),3.5,580,165,,,4,,,,,2,4,2,3,,1,4,,,,4,4,,4,3,4,,,,,4,,4,4,,,4,,2,3,4,,4,,2,,4,4,4,4,3,3,,4,4,4,,4,,,4,,4,4,,4,,,,4,3,4,4,4,3,3,4,4,,,4,,4,4,4,3,4,4,4,4,,3,,,2,1,,3,,4,3,,4,4,3,4,3,3,4,4,4,,4,,4,3,4,4,4,,4,,4,,,,,,4,,,,4,4,,2,,3,,4,4,,,4,4,,,,4,,,,,1,3,3,,,,4,,3,3,,,4,4,4,3,,4,4,4,3,,3,4,,1,,4,,,3,3,4,4,4,4,,,3,3,3,4,2,4,3,3,,4,,,2,,4,,4,,4,,,4,,4,3,3,3,4,4,2,3,3,3,3,,,4,,4,,,3,,,,3,,4,4,,4,4,,4,4,4,4,,3,,3,,4,4,,4,,,,4,4,4,4,3,4,3,,2,3,4,4,4,1
Satisfaction,Digital Scholarship/Digital Humanities services,3.5,268,76,2,,,,,,,,4,,,,,4,,,4,,,,3,4,,,,,,,,4,4,,,,,,,4,,,,4,,3,,4,,,3,4,,,,,,,,,,,,,,,,,,,4,4,3,3,3,,,4,,4,,4,,,,,,,,2,4,,,,,,,,,,,,,,4,3,,4,,,,,,,,,2,,,,,,,,3,,,,,,,,,,3,,,,,4,,4,4,4,,,4,,,,,,2,3,,4,,,,,,,,,4,4,4,3,,,,,,,,,3,,,3,,,4,,3,,,3,,,3,,,4,,4,,3,,,,,,,4,,3,,,,,,,4,,,4,,,,2,,4,,4,4,4,,4,,,3,,,,2,,4,,,4,,,4,4,,,,,,3,,4,,,4,4,,,4,,,4,,3,,,,4,,,,1
Satisfaction,Library research instruction for academic courses,3.5,678,192,3,2,2,,,4,4,4,4,,3,1,1,4,,3,4,,1,,4,4,4,,4,,,3,,4,4,3,,4,4,2,,4,,4,1,4,4,4,3,3,4,3,4,,,4,4,2,,3,,4,4,4,,4,4,,3,,1,4,4,4,4,3,4,4,,4,,4,,4,4,4,3,4,4,3,4,2,4,4,4,4,,4,,4,4,2,,4,,3,4,,3,4,,4,,,,4,3,4,3,4,,3,,3,1,,1,,,4,4,2,4,2,4,,4,,4,,4,4,,4,4,4,,1,3,,,4,4,,1,4,,,,4,,,,,,4,4,4,4,4,4,3,3,4,4,,2,4,2,4,,4,,,4,4,4,4,4,,,,4,,4,4,4,4,4,3,4,4,4,,3,4,4,,4,4,3,4,,4,,4,3,3,3,4,4,2,,4,4,3,4,3,4,4,4,,,4,,,4,3,,4,,4,4,4,4,4,4,3,4,,4,3,3,,4,4,,4,,,,4,4,4,2,3,3,3,3,,4,4,4,4,3
Satisfaction,Library Subject Guides (go/guides),3.6,483,136,,,,,,,,4,,,3,,1,4,,,4,4,,,4,3,4,2,4,,,3,,4,4,,,4,,3,,4,,4,2,2,,4,4,4,,,3,,4,4,3,,,,,4,3,4,4,,4,,,,,3,3,4,4,3,4,4,4,4,,4,,4,4,4,,4,4,3,4,,3,,,,1,,,,4,,4,,,3,4,3,3,4,,,,4,,4,3,4,4,4,,,,4,,,,,,,,,4,4,4,,2,,,,4,4,,4,4,4,,,,,,,,,1,4,,,,,4,,,4,,,4,4,4,3,,4,,,4,,,4,2,3,,3,,,3,,3,4,4,,,,3,,,2,,4,3,3,4,4,,,3,,4,,4,3,,,,4,,4,3,3,3,,,,3,3,,,4,,4,,4,,,3,,,,3,,,4,,4,4,,4,4,,4,,3,,3,,4,4,,4,,,,4,,,4,3,,3,3,,3,4,4,4,3
Satisfaction,Library support for your students' scholarly research,3.6,763,212,4,2,,,,4,4,4,4,,3,1,1,4,,4,4,4,,,4,3,4,,4,,,4,,4,4,3,4,4,4,3,,4,,4,2,4,,4,4,4,4,4,4,4,,4,4,3,,4,,3,4,4,4,4,4,,,2,1,4,4,4,4,3,4,4,4,4,,4,4,4,4,4,3,4,4,3,4,1,4,4,,3,3,4,4,4,4,3,4,,4,3,4,4,3,4,,3,,4,,4,3,4,2,4,,4,,4,2,,1,3,,4,4,4,4,3,4,,4,,4,,4,4,1,4,4,4,,4,4,,,,4,4,1,4,,4,2,4,4,,,4,,4,4,4,4,4,4,4,4,4,4,,3,4,3,1,,4,,,4,1,4,4,4,4,,,3,3,4,4,4,4,4,3,4,4,,,3,3,4,,4,4,1,4,,4,,4,3,4,4,4,4,3,4,4,4,3,4,4,4,3,4,2,,3,,4,4,2,4,3,4,4,4,4,4,4,3,4,3,,4,4,3,,4,4,,4,,,,4,4,4,4,3,3,3,3,4,3,4,4,4,4
Satisfaction,Borrowing laptops,3.7,481,130,3,4,,,,,4,4,4,2,,4,3,4,,,,3,,,4,4,4,,4,4,,,4,4,,,,,4,,3,4,,4,4,,,4,4,4,,,,,,4,,,4,,,,4,,4,4,,,1,,,3,4,4,4,,,,4,,4,4,4,,,4,,,2,4,,,,,,,,4,4,,4,,2,4,,4,,3,1,4,,4,,,3,,,,4,,,4,,4,1,,,,,4,2,3,,4,,,,,,,4,4,,4,4,,,,4,,4,4,4,4,2,,,4,4,,4,,4,4,,,4,4,,,4,,3,4,4,,4,4,3,,4,4,,,,4,3,4,4,4,,4,3,,,,,,,4,,,,,3,,4,,,,4,4,,,3,4,4,4,,,4,,,,4,,,4,,,4,4,4,3,,,,4,4,4,,,,,,4,4,,4,4,4,4,3,,4,,,4,4,,,4,,,4,,4,,1,,4,,4,,3
Satisfaction,Borrowing technology equipment,3.8,614,162,3,4,,,4,,4,4,4,4,3,4,3,4,,3,,3,,,4,4,4,2,4,,,3,,4,,4,,4,4,4,,4,,4,4,,,4,4,4,,,3,,,4,,,4,,,4,4,,4,4,,,2,,,3,4,4,4,,,4,4,4,4,4,,4,,4,4,,2,4,,3,,,4,4,4,4,4,,4,,4,4,,4,4,3,3,4,4,4,,,3,3,,,,,,4,4,4,3,,,4,,4,,3,,4,4,,4,,4,,4,3,,,4,,,,4,,4,4,4,4,3,,,4,3,,4,4,4,,,,4,4,4,,4,,,4,4,,4,4,3,,,4,,,4,,4,4,,,,,4,,,4,,,,4,,,,,4,4,4,,,4,4,4,,4,,4,4,4,4,4,4,3,,,4,4,,4,4,4,4,4,4,3,,,,3,4,,,4,4,4,,4,4,4,3,,4,4,3,4,4,3,,4,4,,,4,4,,4,,4,4,3,,4,4,4,3,3