Question.Type,service,average,sum,count,,,,,,,,,,,,,,,,,,,,,,,,,,,,,,,,,,,,,,,,,,,,,,,,,,,,,,,,,,,,,,,,,,,,,,,,,,,,,,,,,,,,,,,,,,,,,,,,,,,,,,,,,,,,,,,,,,,,,,,,,,,,,,,,,,,,,,,,,,,,,,,,,,,,,,,,,,,,,,,,,,,,,,,,,,,,,,,,,,,,,,,,,,,,,,,,,,,,,,,,,,,,,,,,,,,,,,,,,,,,,,,,,,,,,,,,,,,,,,,,,,,,,,,,,,,,,,,,,,,,,,,,,
Circulation Staff,Reliable,3.9,689,177,4,4,4,4,4,4,4,4,4,4,4,4,4,,4,4,4,4,4,4,,4,4,4,4,4,4,4,3,4,4,4,4,3,4,,4,,4,,1,4,,,4,4,4,4,,,4,4,3,4,4,4,4,4,4,4,,4,4,4,4,4,3,4,4,4,,4,4,,4,4,4,4,4,4,4,4,,4,4,,,4,4,3,4,,,,4,4,,1,,4,4,,,4,,4,4,4,,4,4,4,4,,3,4,3,,4,4,4,4,4,4,4,4,4,3,4,4,,,4,4,4,4,4,4,4,,3,,4,4,4,,4,4,4,4,4,,,,,4,,,,4,4,,4,4,,4,4,,4,4,4,,4,4,4,4,,4,4,4,,4,4,4,,4,4,4,,3,4,4,4,4,4,4,4,4,4,,4,4,4,4,4,4,4,4,,,,4,4,4,3,4,3,4,4,,4,,3,4,,4,4,4,,,,,,,,,,,,,,,4,,,,,,,,,,4,,,,,,,,,,,,
Circulation Staff,Friendly,3.9,696,179,4,4,4,4,4,4,4,4,4,4,4,4,4,,4,4,4,4,4,4,,4,4,4,4,4,4,4,3,4,4,3,4,2,4,,4,,4,,1,4,,,4,4,4,4,,,4,4,3,4,4,4,4,4,4,4,,4,4,4,4,4,3,4,4,4,,4,4,,2,4,4,4,4,4,4,4,,4,4,,,4,4,,4,,,,4,4,4,1,,4,4,,,4,,4,4,4,,4,4,4,4,,3,4,3,4,4,4,4,4,4,4,4,4,4,3,4,4,,,4,4,4,4,4,4,4,,4,,4,4,4,,4,4,4,4,4,,,,,4,,,,4,4,,4,4,,4,4,,4,4,4,,4,3,4,4,,4,4,4,,4,4,4,,4,4,4,,3,4,4,4,4,4,4,4,4,4,,4,4,4,4,4,4,4,4,,,,4,4,4,4,4,4,4,4,4,4,,3,4,,4,4,4,,,,,,,,,,,,,,,4,,,,,,,,,,4,,,,,,,,,,,,
Circulation Staff,Responsive,3.9,692,178,4,4,4,4,4,4,4,4,4,4,4,4,4,,4,4,4,4,,4,,4,4,4,4,4,4,4,3,4,4,4,4,3,4,2,4,,4,,1,4,,,4,4,4,4,,,4,4,2,4,4,4,4,4,4,4,,4,4,4,4,4,3,4,4,4,,4,4,,4,4,4,4,4,4,4,4,,4,4,,,4,4,3,4,,,,4,4,,1,,4,4,,,4,,4,4,4,,4,4,4,4,,4,4,3,4,4,4,4,4,4,4,4,4,4,4,4,4,,,4,4,4,4,4,4,4,,3,,4,4,4,,4,4,4,4,4,,,,,,,,,4,4,,4,4,,4,4,,4,4,4,,4,4,4,4,,4,4,4,,4,4,4,,4,4,4,,3,4,4,4,4,4,4,4,4,4,,4,4,4,4,4,4,4,4,,,,4,4,4,3,4,3,4,4,4,4,,3,4,,4,4,4,,,,,,,,,,,,,,,4,,,,,,,,,,4,,,,,,,,,,,,
Circulation Staff,Knowledgeable,3.9,682,176,4,4,4,4,4,4,4,4,4,3,4,4,4,,4,4,4,4,,4,,4,3,4,4,4,4,4,3,4,4,3,4,3,4,,4,,4,,1,4,,,4,4,4,4,,,4,4,3,4,4,4,4,4,4,4,,4,4,4,4,3,3,4,4,4,,4,4,,4,4,4,4,4,4,4,4,,4,4,,,4,4,3,4,,,,4,4,,1,,4,4,,,4,,4,4,4,,4,4,4,4,,3,4,3,4,4,4,4,4,4,4,4,4,4,,4,4,,,4,4,4,4,4,4,4,,4,,4,4,4,,4,4,4,4,4,,,,,4,,,,4,4,,4,4,,4,4,,4,4,4,,4,4,4,4,,4,4,4,,4,4,4,,4,4,4,,3,4,4,4,4,4,4,4,4,4,,4,4,4,4,4,4,4,4,,,,4,4,4,3,4,2,4,4,4,4,,3,4,,,4,4,,,,,,,,,,,,,,,4,,,,,,,,,,4,,,,,,,,,,,,
Contribution to Academic Goals,Ability to access scholarly materials from wherever you are,3.5,733,208,4,4,4,4,4,4,4,4,1,3,4,4,4,4,4,4,4,3,,4,3,4,3,4,3,4,3,4,2,4,4,4,4,,4,4,,4,4,4,4,4,4,1,4,4,4,4,2,3,4,4,4,4,2,4,4,4,4,4,4,4,3,3,4,4,4,4,2,4,3,3,4,3,3,1,4,4,3,4,4,4,4,4,2,4,4,4,3,2,4,4,,4,4,3,,1,4,4,4,,4,3,,4,3,4,4,3,4,4,3,1,4,4,2,4,4,3,4,4,4,3,2,4,4,4,2,3,4,4,,2,4,,3,4,4,,,,3,2,3,4,4,3,4,4,4,4,,4,4,4,4,,2,4,4,2,4,4,4,,3,,1,,4,,3,3,,3,,3,4,4,4,4,4,2,4,4,3,3,,4,2,3,4,4,4,3,3,3,4,3,3,3,4,4,4,4,2,4,3,4,,4,4,4,2,3,4,4,4,2,3,4,4,4,4,4,4,,,,,,,,,,,,,,,,3,,,,,,,,,,4,,,,,,,4,,,,,
Contribution to Academic Goals,Library spaces,3.1,600,191,4,1,3,1,,4,4,4,4,3,1,4,4,4,2,4,,3,3,4,3,4,2,4,3,4,3,4,2,4,4,4,,,3,,4,2,3,,1,4,1,,4,3,2,4,1,1,4,,4,2,2,4,4,4,,4,1,,3,3,4,4,4,4,4,4,,3,4,,3,1,4,4,4,4,2,4,1,4,4,,4,4,4,3,3,,,,3,4,,1,,4,4,,4,3,4,4,4,3,1,3,4,1,3,1,4,4,1,4,2,3,4,4,3,3,4,4,3,2,2,1,,,,4,3,4,4,4,4,,,,4,4,4,2,4,3,4,2,4,3,,1,1,2,,,1,3,3,2,4,4,,,3,,3,2,,,3,3,4,2,,3,4,4,3,3,3,1,1,1,4,3,,3,2,3,3,4,2,3,3,3,3,1,3,3,4,4,4,4,2,4,,4,,4,4,,4,4,3,4,4,2,4,4,4,4,,4,3,,,,,,,,,,,,,,,,4,,,,,,,,,,3,,,,,,,2,,,,,
Contribution to Academic Goals,Physical and digital library collections,3.1,637,207,3,3,3,3,3,4,4,4,3,4,3,4,4,4,2,4,3,2,,4,3,4,3,4,4,4,2,4,4,3,3,4,4,,3,4,,3,2,3,1,4,4,1,4,4,4,4,2,2,2,4,4,4,2,4,4,4,4,4,1,4,3,3,4,2,4,4,2,4,3,3,4,,2,1,4,4,2,4,2,4,2,4,3,4,4,4,3,2,4,4,,4,3,3,,3,4,4,3,,3,3,,4,3,2,1,3,4,1,2,1,3,2,3,4,2,3,4,4,3,3,4,4,3,2,2,2,3,4,,3,4,3,3,4,4,,,,2,2,3,2,2,3,3,2,2,4,1,4,1,4,,,2,3,4,1,4,4,4,,2,,1,2,4,,2,3,,2,,3,3,3,2,3,2,2,1,3,2,3,,4,3,2,3,4,2,3,3,3,4,1,3,2,4,4,4,4,2,4,,1,,4,3,4,1,2,4,4,2,,4,3,3,4,4,4,4,,,,,,,,,,,,,,,,3,,,,,,,,,,4,,,,,,,4,,,,,
Contribution to Academic Goals,Working with librarians,2.8,545,193,3,2,4,3,1,4,3,4,2,2,2,2,4,4,2,4,,3,,4,3,4,2,4,3,4,3,4,3,2,3,2,4,,4,4,,4,2,4,1,4,1,,4,2,2,4,1,1,2,,2,1,2,4,4,4,4,4,3,3,3,3,4,2,4,4,2,4,,,4,,3,1,4,4,2,4,1,3,,4,2,2,4,3,3,2,3,,,3,3,4,,3,2,4,2,,4,3,,4,2,1,,3,4,1,3,1,3,3,3,4,4,2,4,2,,3,3,4,3,1,3,1,3,4,,3,2,4,3,4,4,,,,3,2,3,1,4,2,2,2,4,2,,1,1,,,,,2,4,1,3,3,3,,2,,2,2,4,,3,1,,2,,3,3,4,3,3,3,2,2,2,2,3,,2,2,3,2,4,2,3,2,3,3,1,3,2,4,4,4,3,2,4,,1,,4,2,4,1,3,,4,2,,3,2,2,3,,4,2,,,,,,,,,,,,,,,,4,,,,,,,,,,3,,,,,,,2,,,,,
Do you use the following tools for academic purposes? - Library research,,0.7,150,222,1,1,1,1,1,1,1,1,0,1,1,1,1,1,1,1,0,0,0,1,1,1,1,1,1,0,1,1,1,0,1,1,1,0,0,1,1,0,1,0,0,1,1,1,1,1,1,0,1,1,0,1,0,1,0,1,1,1,1,1,1,1,0,0,1,1,1,1,0,1,0,1,1,1,1,0,0,1,1,1,,1,1,1,0,1,,1,1,0,1,1,0,1,0,1,,0,1,1,1,,1,1,0,1,1,1,1,1,1,1,1,0,0,1,0,1,1,0,1,1,1,0,1,1,1,0,0,0,1,1,1,0,1,1,1,1,1,1,0,0,1,1,1,0,0,0,1,1,1,1,0,1,0,1,0,0,0,1,1,0,0,1,1,0,1,1,0,0,1,0,0,1,0,0,,0,1,1,1,0,1,0,1,1,0,1,,0,1,0,1,1,0,0,0,1,1,1,1,0,1,1,,1,1,1,1,0,0,1,1,1,0,0,1,1,1,0,1,1,,1,,1,1,0,,,,,,,,,,0,,,,,1,,,,,,,,,,1,,,,,,,,,,,,
Frequency,"Generative AI tools (e.g., ChatGPT, Bard, ChatPDF) for academic or work purposes",3.3,787,240,5,1,5,2,3,5,2,3,4,5,2,1,1,2,4,5,3,4,4,4,4,1,4,5,2,5,5,5,3,5,2,1,1,3,2,2,2,5,3,4,1,4,1,1,3,4,5,5,2,1,4,1,5,5,4,1,1,4,5,2,1,3,5,5,3,3,5,1,3,2,2,4,4,5,1,4,4,5,3,5,5,4,1,3,4,2,2,1,5,5,1,5,4,3,1,3,5,2,2,3,5,,4,4,4,4,5,5,1,3,1,5,3,4,5,5,5,5,2,3,4,5,5,4,4,3,4,5,4,1,3,1,1,3,5,4,4,4,5,4,1,3,3,3,4,4,3,4,4,4,5,1,5,1,2,4,3,2,4,5,3,5,5,4,1,2,2,4,3,5,4,5,3,3,2,5,4,3,4,5,3,5,4,5,1,3,4,,,5,3,1,4,2,5,5,5,2,,1,4,5,1,1,3,5,5,1,5,5,5,5,5,2,,4,3,5,3,3,4,3,1,1,,4,1,1,,2,,5,,,,1,1,2,,,2,4,5,,,,,2,,,4,1,1,,2,2,,,,1,,3,,3,3
Frequency,Quiet work space in the library,2.8,669,241,4,1,3,1,1,4,5,5,2,2,1,3,2,5,2,2,1,3,2,5,2,4,1,4,4,1,4,5,2,3,3,3,1,2,3,1,4,1,4,1,1,3,1,1,5,4,1,2,1,2,5,1,5,2,2,4,4,4,1,3,1,1,3,5,5,5,5,4,3,3,1,4,1,1,3,1,2,4,5,5,1,4,1,4,4,1,1,4,3,2,3,1,1,1,1,4,1,1,2,5,4,,3,3,1,3,4,4,1,2,3,1,3,1,5,4,1,5,3,4,5,4,3,2,1,5,1,4,3,3,1,1,1,4,4,4,4,3,5,1,5,1,4,4,5,1,5,1,3,3,5,4,1,1,1,2,1,1,1,4,2,1,5,5,1,1,2,1,2,2,1,1,3,4,5,1,5,2,3,5,4,1,2,2,1,1,2,,,2,2,1,2,4,2,3,2,1,1,1,3,4,5,4,4,5,5,4,1,5,1,5,5,1,,5,4,5,4,3,4,1,5,5,,5,4,1,,3,,5,,,,2,3,1,,,1,2,5,,,,,2,,,5,1,3,,3,5,,,,2,,5,,3,1
Frequency,Library reference/research services,2.6,610,239,3,2,3,3,2,3,2,3,1,4,4,2,2,2,2,3,2,1,1,3,3,4,3,5,4,3,2,5,3,1,3,4,5,1,4,2,1,2,2,1,1,3,1,1,4,4,5,5,2,3,2,5,3,2,1,4,3,3,3,2,2,3,2,3,4,3,3,3,2,3,1,4,3,2,2,1,2,5,1,2,1,3,2,3,1,3,1,3,2,2,4,2,1,5,1,3,,3,4,1,2,,2,4,2,2,2,3,2,3,5,3,2,1,2,4,2,2,3,3,2,3,3,2,3,4,3,2,2,2,2,5,3,2,4,3,3,4,5,1,5,1,2,1,2,2,2,1,2,2,3,2,1,3,1,3,2,1,2,2,3,3,1,4,3,2,1,3,1,2,3,3,3,2,1,2,1,4,2,5,2,1,1,2,2,4,2,,,3,3,1,3,3,3,1,,4,3,2,2,2,4,4,2,2,2,3,2,1,1,5,3,2,,2,1,5,3,2,3,2,3,2,,4,4,2,,1,,4,,,,3,1,2,,,3,2,3,,,,,1,,,4,3,4,,3,3,,,,3,,2,,4,1
Frequency,Library databases (e.g. JSTOR),2.4,574,239,1,2,3,3,2,1,2,3,1,2,5,2,3,1,2,2,2,1,1,4,2,3,2,5,1,2,2,5,2,2,4,4,2,1,1,1,2,2,2,1,2,3,1,1,4,5,5,4,3,1,2,5,1,2,1,3,4,5,2,4,2,3,1,2,5,4,3,3,2,4,1,3,3,1,2,1,2,5,4,3,1,3,3,4,1,3,1,3,2,2,5,1,1,5,1,3,1,3,4,1,4,,4,2,1,2,1,5,2,2,4,5,1,1,4,4,2,4,5,3,2,1,2,2,2,5,3,1,2,3,2,5,3,1,2,1,1,4,5,1,1,1,1,1,3,2,2,1,3,4,2,2,1,5,5,3,1,1,1,3,3,1,1,4,4,1,2,1,1,1,3,1,3,3,,1,2,1,2,4,2,1,2,1,1,4,2,,,1,4,1,3,2,2,1,1,3,,1,2,2,5,3,2,5,1,1,2,1,1,,4,3,,3,4,4,3,2,2,2,3,4,3,2,4,1,,1,,2,,,,4,1,1,,,3,1,2,,,,,1,,,2,3,1,,4,3,,,,3,,1,,4,1
Frequency,Group study spaces in the library,2.4,575,241,1,1,2,1,1,4,2,4,3,2,1,3,4,5,1,2,1,3,2,5,2,4,1,4,4,3,2,3,2,5,1,3,1,3,2,1,4,1,3,1,1,2,1,1,2,3,1,1,1,1,4,1,5,2,1,2,4,3,1,3,1,1,1,1,3,5,5,3,4,3,1,5,1,1,3,1,2,4,5,2,1,4,1,4,4,1,1,3,3,2,3,1,1,1,1,3,1,1,2,2,5,,3,2,1,2,3,2,1,2,3,1,1,1,5,4,1,1,3,4,1,4,1,1,4,5,2,1,2,3,1,1,1,4,4,4,2,3,5,1,5,1,4,5,3,1,5,1,4,1,5,4,1,1,1,2,1,1,1,1,1,1,5,5,1,1,3,1,2,1,1,1,4,4,5,1,5,2,1,5,3,1,2,2,1,1,5,,,1,3,1,2,4,1,4,2,1,1,1,3,2,5,4,2,4,5,2,1,1,1,3,5,1,,5,2,5,4,2,4,1,5,2,,5,3,1,,2,,4,,,,2,2,1,,,1,1,3,,,,,2,,,3,1,2,,2,5,,,,2,,3,,1,1
Frequency,"Library Web site (e.g. library hours, policies)",2.0,487,240,2,1,3,3,1,2,2,2,3,2,1,2,1,5,2,2,1,1,2,3,1,5,2,3,2,2,2,5,2,2,2,3,2,1,2,1,1,2,2,1,1,1,1,1,3,3,1,2,2,3,1,1,2,2,1,3,4,4,1,3,1,1,1,1,3,1,5,1,3,3,1,1,1,1,2,1,3,3,2,3,1,2,2,3,3,1,1,2,3,2,2,1,1,1,1,4,1,1,3,2,1,,2,4,2,1,3,3,2,2,3,1,3,1,2,1,1,4,1,3,2,1,3,1,1,4,2,2,2,2,1,4,3,2,2,3,1,2,5,1,,1,3,4,1,1,3,1,2,2,3,2,1,1,1,2,1,1,2,2,2,1,3,4,1,1,2,1,2,1,1,1,2,1,1,1,3,2,1,3,2,1,2,2,1,4,3,,,3,3,2,2,3,3,1,2,2,2,2,2,3,1,3,2,5,1,3,1,1,1,5,1,3,,3,3,3,3,1,1,1,2,2,,3,4,1,,1,,2,,,,2,1,2,,,3,1,2,,,,,1,,,4,2,2,,3,2,,,,2,,3,,3,1
Frequency,LibrarySearch (go/primoca),2.0,484,239,1,2,3,3,2,3,3,4,1,3,4,2,1,1,1,2,2,2,1,3,2,4,1,5,2,2,2,5,2,2,1,1,5,1,2,2,1,2,2,1,1,3,1,1,1,3,2,3,1,,2,5,2,2,1,3,4,4,3,1,1,3,2,3,4,1,3,1,2,1,1,3,3,1,2,1,2,3,1,4,1,3,2,3,1,3,1,3,2,2,3,2,1,4,1,3,1,3,2,1,2,,1,2,1,2,1,3,1,2,4,1,1,1,1,4,2,2,1,3,1,1,2,2,2,2,1,1,2,2,1,3,1,2,2,2,2,4,5,1,1,1,2,1,2,1,1,1,1,3,1,2,1,3,1,3,1,1,2,1,3,1,1,3,3,1,2,2,1,1,3,1,3,1,1,1,1,1,1,3,1,1,1,2,1,4,2,,,2,3,1,3,2,2,1,1,4,,1,2,2,2,1,2,2,3,2,2,1,1,5,1,4,,3,4,2,1,1,1,2,1,1,,3,4,1,,1,,3,,,,3,1,1,,,3,1,4,,,,,1,,,5,4,1,,4,3,,,,3,,2,,3,1
Frequency,Library e-book collections,2.0,480,240,1,1,2,2,1,1,2,2,2,2,3,1,3,1,1,2,2,,1,3,3,3,1,4,2,3,2,3,2,1,4,1,2,1,2,2,1,2,1,1,1,2,5,1,3,4,2,3,2,3,2,4,1,2,1,3,4,2,3,1,,1,1,2,3,1,3,2,3,1,1,3,3,1,1,1,2,4,4,2,2,3,2,2,1,3,2,3,2,2,2,1,1,2,1,2,1,1,3,2,2,,4,2,1,2,2,4,1,2,4,1,2,1,1,4,3,2,1,3,1,1,1,1,2,1,2,1,3,1,2,5,3,2,3,3,1,3,5,1,1,1,1,1,2,2,1,1,3,2,2,2,1,3,1,1,4,1,2,2,3,1,1,3,3,2,1,2,1,1,2,1,1,2,1,1,2,1,1,3,3,1,1,1,2,3,2,,,3,1,1,2,3,2,1,1,2,2,1,2,2,5,2,2,3,3,1,3,1,1,5,2,3,,1,3,3,2,1,3,2,2,2,3,2,3,1,,1,,2,,,,3,3,1,,,1,1,2,,,,,2,,,4,1,1,,3,1,,,,3,,1,,3,1
Frequency,Physical library collections,1.8,424,237,3,1,2,2,1,2,3,3,2,2,1,1,2,1,1,2,2,2,1,1,2,3,1,3,3,2,2,3,1,2,3,2,1,1,2,1,1,1,2,1,1,2,1,1,1,3,1,4,1,2,2,1,3,3,1,3,4,2,1,1,1,1,1,2,3,2,,3,2,2,1,3,3,1,1,1,2,4,3,2,1,3,1,3,2,1,1,2,2,2,3,1,1,1,1,2,1,1,,1,1,,1,2,1,2,2,2,1,2,4,1,1,1,2,4,3,2,1,3,2,1,3,1,2,1,1,2,2,1,1,1,1,2,3,2,2,3,5,1,1,1,1,1,2,,1,1,2,1,1,1,1,1,1,1,1,1,1,1,2,1,3,5,1,1,1,1,1,1,2,1,1,2,1,2,1,1,1,1,3,1,1,2,1,1,1,,,2,1,1,2,2,2,1,2,1,5,1,2,2,5,,2,2,3,1,2,1,1,5,1,1,,1,1,4,2,3,3,1,1,1,,2,4,1,,3,,2,,,,2,1,1,,,1,1,4,,,,,1,,,3,1,4,,4,3,,,,3,,2,,3,1
Frequency,Public computers in the library,1.7,421,241,2,1,1,1,1,3,2,1,2,1,1,2,1,1,2,2,1,2,2,2,2,2,2,4,4,3,3,1,2,2,2,4,1,1,1,1,3,1,2,1,1,1,1,1,1,2,1,2,1,2,3,1,1,2,2,2,2,1,1,3,1,1,1,1,3,3,2,1,3,1,1,2,1,1,1,1,2,3,2,5,1,3,1,3,1,1,1,1,3,2,1,1,1,1,1,2,2,1,2,3,1,,1,2,1,3,3,1,1,3,2,1,1,1,3,1,1,1,3,3,1,4,2,1,1,2,2,3,3,3,1,1,1,2,4,3,3,2,5,1,5,1,3,3,1,1,2,2,1,3,4,1,1,1,1,1,1,1,1,1,1,1,2,4,1,1,1,1,1,1,1,1,3,1,1,1,2,2,1,1,3,1,2,1,1,1,1,,,1,3,2,1,2,1,1,1,3,1,1,3,1,5,4,2,2,1,1,1,1,1,1,1,1,,1,1,3,4,3,2,1,5,3,,2,2,1,,1,,1,,,,2,1,1,,,1,2,2,,,,,1,,,3,1,1,,1,2,,,,1,,4,,2,1
Frequency,Library subject guides,1.6,386,237,1,1,3,1,1,1,3,3,1,3,1,1,1,1,1,2,2,1,1,2,2,2,2,2,1,2,2,3,2,1,2,1,4,1,2,1,1,2,1,1,1,1,1,1,1,3,1,4,1,1,2,1,1,2,1,2,4,2,3,1,1,2,1,2,3,1,3,1,1,1,1,3,3,1,1,1,2,3,1,3,1,3,2,1,1,1,1,3,2,2,4,1,1,1,1,2,1,1,2,1,1,,1,2,1,2,1,3,1,2,2,1,1,1,1,3,2,2,1,3,2,1,2,1,2,2,1,1,1,1,1,3,2,,1,1,2,3,5,1,1,1,2,1,2,1,2,1,1,1,1,1,1,3,1,1,1,1,1,3,3,1,2,3,2,1,2,2,1,1,1,1,1,1,1,1,1,1,1,2,1,1,1,1,1,2,1,,,2,2,1,2,2,2,1,1,4,,1,2,2,,1,2,4,3,1,2,1,1,,1,3,,1,1,2,1,1,1,2,2,1,,3,2,1,,1,,2,,,,1,1,1,,,1,1,2,,,,,1,,,2,4,1,,3,2,,,,3,,2,,3,1
Frequency,Interlibrary loan,1.4,337,239,3,1,1,2,1,1,1,2,1,3,2,1,1,1,1,2,1,1,1,2,1,2,1,2,2,2,2,2,2,1,1,1,2,2,1,1,1,2,2,1,1,1,1,1,2,4,1,3,1,1,2,1,1,1,1,2,4,1,2,1,1,2,1,1,3,2,1,1,1,1,1,3,3,1,1,1,2,4,1,1,1,3,2,2,2,1,1,1,2,2,2,1,1,1,1,1,1,1,1,1,5,,1,2,1,2,1,1,1,2,1,1,1,1,1,1,2,1,1,3,1,1,1,1,1,2,1,1,2,1,1,2,1,1,1,1,1,2,5,1,1,1,1,1,2,,1,1,1,1,1,2,1,1,1,1,1,1,1,1,2,1,1,1,1,1,1,1,1,1,1,1,1,2,1,2,1,1,1,1,1,1,1,2,1,3,1,,,1,1,1,2,1,2,1,1,1,,1,2,1,5,1,1,1,1,1,1,1,1,5,1,2,,1,2,2,1,1,1,1,2,1,,1,1,1,,1,,1,,,,1,1,1,,,1,1,2,,,,,1,,,1,1,1,,2,2,,,,2,,1,,2,1
Frequency,Borrowing technology equipment,1.3,299,239,1,1,1,1,1,2,1,1,1,1,1,1,2,5,1,2,1,1,1,2,1,2,1,1,1,1,1,2,2,1,1,1,1,2,2,1,1,1,2,1,1,1,1,1,2,1,1,1,1,1,2,1,1,1,1,3,1,1,1,1,1,1,1,1,1,1,1,1,3,1,1,1,1,1,1,5,3,1,2,1,1,1,1,1,1,1,1,1,2,2,1,1,1,1,1,1,1,1,1,1,1,,1,1,1,1,1,2,1,2,2,1,2,1,1,1,1,3,1,2,1,1,1,1,1,2,1,1,1,1,1,1,1,2,1,2,1,2,5,1,,1,1,1,1,1,1,1,2,1,2,1,1,1,1,1,1,1,1,1,1,1,2,1,1,1,1,1,1,1,1,1,1,1,1,1,1,2,1,1,2,1,1,2,1,,2,,,1,1,1,1,1,1,1,1,1,1,1,3,1,1,2,1,1,1,1,1,1,1,2,1,1,,2,1,2,1,1,1,1,2,1,,1,2,1,,1,,1,,,,1,1,1,,,1,1,1,,,,,1,,,2,1,1,,1,1,,,,1,,1,,1,1
Frequency,Borrowing laptops,1.2,281,240,1,1,1,1,1,3,1,1,1,1,1,1,1,5,1,2,1,1,1,1,1,1,1,1,1,1,1,2,1,1,1,1,1,1,2,1,1,1,1,1,1,1,1,1,2,1,1,2,1,1,2,1,1,1,1,1,1,1,1,1,1,1,1,1,2,1,1,1,1,1,1,1,1,1,1,5,3,1,2,1,1,1,1,1,1,1,1,1,1,2,1,1,1,1,1,1,1,1,1,2,1,,1,1,1,1,1,1,1,2,2,1,1,1,1,1,1,1,1,1,1,1,1,1,1,1,1,1,1,2,1,1,1,3,1,1,1,2,5,1,,1,1,1,1,1,1,1,1,1,1,1,1,1,1,1,1,1,1,1,1,1,1,1,1,1,1,1,1,1,1,1,1,1,1,1,1,2,1,1,1,1,1,1,1,1,1,,,1,1,1,1,1,1,1,1,1,1,1,3,1,1,2,1,1,1,1,1,1,1,1,1,1,,2,1,1,1,1,1,1,1,1,,1,2,1,,1,,1,,,,1,1,1,,,1,1,1,,,,,1,,,1,1,1,,1,1,,,,1,,1,,4,1
Importance,Overall library service,3.4,747,218,3,3,4,3,4,4,3,4,3,3,4,4,3,4,4,3,,3,3,4,2,4,3,4,4,4,3,4,4,4,4,3,4,4,3,,4,4,4,4,1,4,1,3,4,3,2,3,3,3,4,4,4,3,4,3,4,4,4,4,4,4,4,3,3,4,3,4,4,4,,3,3,,3,1,4,4,3,4,,3,4,4,4,,4,4,2,2,4,2,1,3,3,3,4,,3,4,3,,4,3,2,2,4,3,4,3,3,2,3,2,4,3,,4,3,2,4,4,4,4,4,4,3,4,4,2,3,4,4,4,4,4,3,4,4,2,4,,4,3,3,2,4,4,3,4,4,2,,3,1,4,4,,2,3,4,3,4,4,4,3,4,,4,4,,2,4,4,,3,3,2,4,4,3,3,4,4,3,4,4,,,4,3,4,4,4,4,3,4,4,4,4,3,4,4,4,4,4,3,4,4,3,1,4,4,3,4,3,4,3,4,2,4,3,4,4,,4,4,,,,,,,,,,,4,,,4,1,4,,,,,,,,,,3,,4,4,,,,3,,,,,3
Importance,Quiet work space in the library,3.4,677,202,4,2,4,1,,4,3,4,4,3,1,4,4,4,4,3,,4,4,4,2,4,3,4,4,4,3,4,2,4,4,3,4,3,3,,4,2,4,,1,4,1,,4,4,1,4,3,3,4,,4,3,4,4,4,4,,4,,,3,3,4,4,3,4,4,4,,3,3,,3,1,4,4,4,4,,4,3,4,4,,4,4,3,3,4,3,1,,3,4,3,,3,4,4,,4,3,2,3,4,4,,3,3,1,4,2,4,4,,3,3,4,4,4,3,2,3,4,2,4,3,3,,4,,4,4,4,4,4,4,1,4,,4,3,4,3,4,4,4,4,4,4,,1,1,4,4,,,4,3,3,4,4,,,3,,3,3,,1,4,4,4,3,4,2,4,4,4,4,2,3,1,4,4,,,4,2,4,2,4,2,4,2,1,1,3,4,4,4,4,4,4,4,4,,3,1,4,4,,4,4,4,3,4,2,4,1,4,4,,4,4,,,,,,,,,,4,,,,4,2,4,,,,,,,,,,4,,3,4,,,,3,,,,,
Importance,"Physical comfort in the library (e.g. seating, lighting)",3.3,671,201,3,2,4,1,,4,3,3,4,4,1,4,4,4,4,3,,4,4,4,2,4,4,4,4,4,4,4,4,4,3,3,4,4,3,,4,3,4,,1,4,1,,4,4,3,4,3,3,4,,4,1,4,4,4,4,,4,,,3,3,4,4,3,4,4,3,,3,3,,3,1,4,4,4,3,,3,2,4,4,,3,4,2,3,4,3,1,,3,4,1,,2,4,4,,4,,3,3,4,4,,3,3,1,4,2,4,4,,3,3,4,4,4,4,2,4,4,3,4,3,3,,4,,4,4,4,3,4,4,1,4,,4,3,3,3,4,4,4,3,4,4,,1,1,4,4,,,4,3,3,4,4,,,3,,3,4,,1,4,4,4,3,4,2,4,4,4,4,2,4,1,3,4,,,4,3,4,2,4,2,4,4,1,3,3,3,3,4,4,4,4,4,3,,3,1,4,4,,4,4,4,3,4,2,4,1,4,4,,4,4,,,,,,,,,,4,,,,4,1,4,,,,,,,,,,4,,2,4,,,,3,,,,,
Importance,Group study spaces in the library,3.2,642,200,1,2,4,1,,4,3,3,4,3,1,4,4,4,4,3,,4,4,4,2,4,3,4,4,4,3,4,4,4,3,3,4,4,3,,4,2,4,,1,4,1,,3,4,1,4,3,,4,,4,2,2,3,4,4,,4,,,3,3,3,4,3,4,4,4,,3,3,,3,1,4,4,4,,,4,3,4,4,,3,4,3,3,4,2,1,,3,3,1,,3,4,4,,4,3,2,3,2,3,,3,3,1,4,2,4,4,,3,3,4,4,4,3,2,4,4,2,4,3,3,,4,,4,4,4,2,4,4,1,4,,4,3,4,3,4,2,4,2,4,4,,1,1,4,3,,,4,2,3,4,4,,,3,,3,2,,1,4,4,4,3,4,2,4,4,4,4,4,3,1,4,4,,,4,4,4,2,4,2,4,2,1,3,3,3,3,4,4,4,4,4,3,,2,1,4,4,,3,4,3,3,4,2,4,1,4,4,,4,4,,,,,,,,,,4,,,,4,1,4,,,,,,,,,,1,,3,4,,,,3,,,,,
Importance,Library databases (e.g. JSTOR),3.2,685,216,2,4,3,4,4,4,4,4,1,2,4,4,4,4,3,3,4,3,4,4,2,4,4,4,3,3,3,4,3,4,4,4,4,1,1,4,4,2,2,,1,4,2,4,4,4,4,4,3,4,3,4,4,3,1,4,4,4,4,3,4,4,2,3,4,4,3,4,3,3,4,3,3,,3,1,4,,3,3,,3,4,4,3,4,4,4,2,2,4,2,1,4,2,3,1,4,4,2,3,,4,2,1,2,2,4,4,3,3,4,2,2,4,3,,3,4,2,4,1,4,2,3,4,4,2,3,4,4,4,3,2,4,2,2,4,4,1,,,2,3,3,4,3,2,4,4,4,4,,,4,4,3,,2,4,4,3,2,4,4,,3,,2,,3,1,4,2,,3,,3,4,4,4,3,3,3,1,4,4,,,2,4,1,4,4,,3,2,4,,3,3,3,4,3,4,4,1,4,3,1,1,4,4,3,2,3,4,3,4,,3,3,3,4,4,3,4,3,,,,,,,,,,3,,,4,1,4,,,,,,,,,,3,,4,4,,,,4,,,,,3
Importance,"Library Web site (e.g. library hours, policies)",3.1,655,213,2,2,3,3,3,4,3,3,4,3,1,4,3,4,4,3,,3,3,4,2,4,2,2,3,4,2,4,4,4,4,2,4,2,2,,3,2,2,,1,4,1,3,4,3,3,3,4,4,1,2,4,2,2,3,4,4,4,4,4,4,4,3,4,3,3,4,2,3,,3,3,,3,1,4,4,4,2,,2,4,4,3,,4,2,3,2,4,3,1,,3,3,2,,3,4,3,,4,4,2,2,4,3,4,3,3,4,3,2,4,3,,4,2,2,4,4,4,2,3,4,3,4,4,2,3,4,2,4,3,3,3,4,4,2,,,2,3,2,2,4,2,2,4,3,2,,2,1,3,,,1,4,4,2,3,4,4,,3,,3,3,,1,4,4,,3,4,2,4,4,3,3,4,3,2,4,4,,,4,3,4,4,3,4,3,3,2,3,3,3,4,4,4,4,4,2,3,3,1,1,4,1,4,4,3,4,3,2,2,2,3,4,4,,4,3,,,,,,,,,,,4,,,4,1,4,,,,,,,,,,3,,3,4,,,,3,,,,,3
Importance,Range of viewpoints represented in the library's collections,3.0,618,204,,3,3,3,3,4,4,4,2,2,1,,4,4,,3,4,4,4,4,2,4,,4,3,3,2,4,,4,3,3,4,1,2,4,4,2,2,,1,4,3,4,4,3,3,4,,,2,2,4,4,1,4,4,3,,4,3,3,2,3,3,2,3,4,3,4,4,3,3,,3,1,4,,2,4,,3,3,4,2,4,3,4,2,2,4,2,1,4,2,2,1,4,4,2,2,,4,2,2,2,2,4,4,3,3,,4,2,4,3,,3,4,2,4,1,4,2,3,4,1,2,2,2,4,3,3,1,4,4,2,4,4,1,,,3,3,2,4,4,2,4,2,3,3,,,4,4,3,,,4,4,3,3,4,4,,3,,2,3,4,1,3,4,,3,,3,4,3,4,3,4,3,2,4,4,,,2,2,1,3,4,,3,1,3,,3,3,2,4,3,4,4,1,4,3,1,1,4,2,3,3,3,4,3,,,4,3,4,4,,3,4,3,,,,,,,,,,4,,,4,1,2,,,,,,,,,,4,,3,4,,,,4,,,,,
Importance,Support for digital audio/video creation,3.0,662,221,4,2,3,3,2,3,4,3,3,2,1,2,3,4,2,4,4,1,3,4,2,2,3,1,2,2,3,1,4,4,3,2,4,4,2,4,3,4,4,4,4,4,1,4,4,2,3,4,2,3,1,1,1,4,2,1,4,3,4,2,2,2,4,3,2,,3,4,2,,,3,3,3,3,3,4,4,2,4,4,4,3,2,2,4,3,3,4,3,2,3,4,2,3,1,1,,2,4,4,,4,2,4,4,2,2,2,3,2,3,4,2,4,2,4,3,4,2,4,4,4,4,2,3,2,4,2,1,3,3,4,2,4,4,2,4,4,4,,2,4,3,2,2,4,4,3,4,3,,4,2,,3,,4,4,3,3,3,2,2,3,4,3,1,2,4,4,4,4,1,4,1,4,4,4,4,2,,4,3,1,3,,,,4,3,1,2,3,3,2,1,4,,1,4,3,4,4,4,4,4,,4,3,3,4,1,3,4,3,,3,4,4,4,4,1,4,4,4,4,4,,,,,,,,,,1,,,4,1,4,,,,,,,,,,1,,4,4,,,,3,,,,,4
Importance,Library e-book collections,3.0,644,216,2,2,3,4,2,4,4,4,3,2,3,1,3,4,2,3,4,4,4,4,2,4,4,4,3,2,2,4,3,4,4,2,4,3,2,4,4,2,2,,1,4,4,4,3,4,3,4,2,3,2,4,4,4,1,4,4,2,4,3,2,4,2,3,4,1,3,4,3,3,3,3,3,,3,1,4,,2,4,,3,3,4,3,4,4,4,2,2,3,2,1,3,2,2,1,4,3,2,3,,4,2,1,2,2,3,3,3,3,2,3,2,,3,,3,1,2,4,4,4,2,3,4,2,2,3,2,4,4,3,4,4,3,2,4,4,1,,,2,3,2,4,3,2,3,3,4,3,,,1,2,3,,2,3,4,3,3,3,4,,3,,2,3,4,1,4,2,,3,,3,4,3,4,3,3,3,3,4,2,,,3,3,3,4,4,,3,3,2,,3,3,2,4,3,4,4,3,3,4,1,1,4,2,4,2,2,4,3,4,,3,3,2,4,4,3,4,3,,,,,,,,,,3,,,4,1,4,,,,,,,,,,3,,3,3,,,,4,,,,,3
Importance,Library reference/research services,2.9,654,223,3,3,3,3,2,3,3,4,1,4,3,2,3,3,3,4,,2,2,3,2,4,3,4,3,2,2,4,,4,4,3,4,2,2,1,3,2,2,,1,4,1,3,4,4,4,4,1,2,2,3,2,3,1,4,4,4,2,3,2,4,3,3,3,2,3,4,2,3,4,3,3,2,3,1,4,4,4,4,,4,2,3,2,4,4,4,2,2,4,3,1,4,3,2,1,4,4,4,2,,4,2,2,2,3,3,4,2,2,4,2,2,4,3,,3,4,2,4,4,4,2,3,3,3,2,3,4,3,4,3,1,3,3,2,4,4,2,,3,4,3,2,3,2,2,3,3,4,4,2,,1,4,2,,2,3,4,3,2,4,4,3,3,3,2,2,4,2,4,3,,2,,4,4,3,3,3,1,3,3,4,3,,,4,2,1,4,3,2,2,2,4,3,3,3,3,4,3,4,4,2,3,3,1,1,4,4,4,1,3,4,3,4,2,4,3,4,3,,4,4,3,,,,,,,,,,2,,,4,1,1,,,,,,,,,,4,,4,4,,,,3,,,,,3
Importance,Library support for your scholarly research,2.9,617,215,3,2,4,3,2,3,3,3,2,2,3,4,3,3,1,4,,3,3,3,2,4,4,4,,2,2,4,4,4,4,4,4,3,2,2,3,3,2,,1,4,1,3,4,4,3,4,2,1,2,1,2,3,1,3,4,4,2,4,2,4,3,3,4,2,3,4,3,,4,3,3,2,3,1,4,4,2,2,,4,2,4,2,4,4,4,2,2,3,3,1,4,3,2,1,4,4,4,2,,4,2,2,2,2,3,2,3,2,4,1,2,4,2,,3,4,2,4,4,4,2,3,4,2,2,3,2,4,4,3,1,4,2,2,4,4,2,,,,3,2,3,3,2,3,4,4,2,2,,1,3,2,,1,3,4,2,3,4,4,3,3,,2,,4,2,4,3,,2,,4,4,3,2,3,2,2,3,4,3,,,2,2,1,4,4,2,2,1,3,3,1,3,2,4,3,4,4,2,3,3,1,1,4,2,4,2,4,,3,4,,4,3,2,3,,4,4,3,,,,,,,,,,,,,4,1,1,,,,,,,,,,4,,4,4,,,,4,,,,,3
Importance,"Generative AI tools (e.g., ChatGPT, Bard, ChatPDF) for academic or work purposes",2.9,642,224,3,1,4,2,2,4,3,2,4,4,1,1,1,2,4,4,2,4,2,3,3,2,4,4,2,4,4,3,,4,2,1,1,3,2,,2,4,3,4,1,4,1,2,4,4,4,4,1,2,4,1,3,4,4,,2,3,4,2,1,2,4,3,2,2,3,2,3,2,3,3,3,3,1,4,4,4,3,3,2,4,,3,3,2,2,1,3,4,1,4,4,2,2,2,4,1,1,4,4,,4,3,2,4,4,4,,2,1,4,2,2,4,4,4,4,2,4,4,4,4,4,3,3,3,4,3,1,2,1,1,3,4,4,3,4,4,2,,3,4,3,2,4,2,4,2,3,4,1,4,1,2,2,2,2,2,4,3,4,4,4,3,1,2,3,3,4,2,4,4,4,,4,4,1,4,3,2,,4,4,,2,4,,2,4,3,1,4,2,3,4,4,3,1,3,4,4,2,3,4,4,4,,4,2,4,4,4,3,3,3,2,3,4,3,4,3,1,1,,4,2,1,,,,,,,,,1,2,,,2,4,4,,,,,,,,,,1,,2,1,,,,1,,,,,
Importance,Library research instruction for academic courses,2.8,582,210,3,2,3,3,2,3,3,3,1,2,1,4,2,3,2,3,,3,2,3,2,4,4,3,2,3,3,3,,4,2,2,4,2,2,2,,2,2,,1,4,1,3,4,3,2,4,2,2,2,1,2,3,1,,4,3,2,4,2,4,3,3,3,2,3,4,2,3,4,3,3,2,3,1,4,4,2,3,,4,2,4,2,4,4,4,2,2,3,3,1,4,3,2,1,1,4,4,3,,4,2,2,2,3,3,2,3,2,4,2,2,4,3,,3,4,2,4,4,4,2,3,3,2,2,,2,2,4,3,,4,3,2,4,4,2,,,,3,2,3,3,2,2,4,4,1,2,,1,2,2,,2,3,4,2,3,3,4,3,3,1,2,,4,,4,2,,2,,4,4,3,2,3,1,3,3,4,,,,3,2,1,4,3,2,2,2,4,,1,3,3,4,3,4,4,2,3,3,1,1,4,1,4,2,3,,3,4,,4,3,4,3,,4,4,3,,,,,,,,,,,,,4,1,1,,,,,,,,,,4,,4,3,,,,3,,,,,3
Importance,Physical library collections,2.7,540,198,2,2,3,3,,4,4,4,3,1,1,1,2,4,2,3,,4,4,1,2,4,2,4,4,3,1,4,4,4,4,1,4,2,2,1,4,1,2,,1,3,1,,3,2,2,4,2,2,3,,4,4,1,3,4,2,4,4,,1,2,3,4,2,3,4,4,3,,3,3,,3,1,4,,2,4,,3,,4,3,,4,3,2,2,3,2,1,,1,2,1,,,2,1,,3,2,1,2,2,2,,3,3,2,2,2,4,3,,3,1,2,4,4,4,2,3,3,2,2,3,1,,4,1,4,4,3,2,4,4,1,,,2,3,2,4,2,2,3,3,3,1,,1,1,2,1,,,1,4,3,4,4,,,3,,2,3,4,1,4,3,,3,,3,3,2,4,3,3,4,,3,2,,,3,1,3,4,4,,3,4,3,,2,3,2,4,4,4,4,3,3,4,1,1,4,2,,1,2,,3,3,,3,1,2,3,,3,4,3,,,,,,,,,,3,,,4,1,4,,,,,,,,,,4,,4,4,,,,4,,,,,
Importance,"Support for the use of Generative AI Tools (e.g., ChatGPT, Bard, ChatPDF)",2.7,598,220,3,1,4,2,1,4,3,3,4,4,1,1,1,2,4,4,2,1,4,3,2,2,4,1,2,4,4,4,,4,3,1,2,3,2,,2,4,3,4,1,4,1,4,,4,4,4,1,4,4,1,3,4,1,,2,3,4,1,1,2,4,3,1,,3,2,1,2,3,3,3,3,1,4,4,4,2,4,1,4,,3,3,2,2,1,3,4,2,3,4,2,2,2,1,1,1,4,4,,4,3,2,4,4,4,,2,1,4,2,1,4,4,,3,2,4,4,1,4,3,3,3,3,3,2,1,2,1,1,3,4,4,3,4,4,2,,4,4,3,2,4,3,4,3,3,4,1,4,1,2,1,3,1,1,4,3,3,4,3,3,1,3,1,3,3,1,3,4,4,,4,3,1,4,3,2,,2,3,,3,4,,2,4,3,2,4,2,3,2,1,3,,1,4,4,4,3,4,4,4,,4,2,3,4,1,3,3,3,,3,4,2,4,3,1,1,,4,2,1,,,,,,,,,1,2,,,2,4,4,,,,,,,,,,1,,2,1,,,,1,,,,,3
Importance,LibrarySearch (go/primoca),2.7,541,202,3,3,3,3,2,3,3,3,1,2,2,,1,3,1,3,,3,3,3,2,4,2,2,3,2,2,4,4,4,,,4,1,2,1,,2,2,,1,4,1,3,,2,1,4,,3,2,3,2,3,1,3,4,4,2,3,2,4,3,3,,1,3,,3,3,4,3,3,2,3,1,4,4,2,3,,4,3,4,2,4,4,4,2,2,3,3,1,4,3,2,1,4,,4,1,,4,2,2,2,2,2,4,3,2,1,1,2,3,2,,3,4,2,4,3,4,2,3,4,3,2,3,2,2,4,3,1,3,2,2,4,4,2,,,2,3,2,3,2,2,2,4,3,3,2,,1,4,,,2,2,3,2,2,4,4,3,3,,2,,3,2,4,3,,2,,4,4,3,2,3,1,2,,4,,,,2,2,1,4,4,,2,1,3,3,3,3,3,4,3,4,3,1,,3,1,1,4,1,3,1,3,4,2,,,,3,2,,,4,4,3,,,,,,,,,,,,,4,1,1,,,,,,,,,,2,,4,4,,,,4,,,,,3
Importance,Public computers in the library,2.6,495,192,1,2,2,1,,4,3,3,1,2,1,4,3,4,4,3,,4,1,1,2,3,3,3,4,,3,2,2,2,3,3,4,1,3,,4,1,1,,1,3,1,,,2,1,4,2,2,4,,1,3,2,1,3,1,,4,,,1,1,3,4,3,4,4,3,,3,3,,3,1,4,4,3,4,,4,3,4,1,,4,1,3,3,2,3,1,,1,2,3,,,4,1,,4,2,1,3,3,2,,4,3,1,,1,4,1,,3,3,2,4,4,3,2,2,3,2,4,3,4,,4,,4,4,4,3,3,4,1,,,4,3,1,3,4,2,2,2,4,,,1,1,3,1,,,1,,2,2,4,,,3,,2,1,,1,4,3,4,3,3,2,4,2,4,1,4,2,1,4,1,,,3,2,4,1,3,,1,1,3,1,2,4,2,4,4,4,3,1,2,,1,1,4,1,,3,2,,3,4,1,3,1,2,3,,3,3,,,,,,,,,,,,,,4,1,4,,,,,,,,,,3,,1,4,,,,3,,,,,
Importance,Library subject guides,2.6,518,203,2,1,3,3,2,3,3,3,1,2,1,,1,3,1,3,,1,4,2,2,3,2,2,4,2,2,4,4,4,4,,4,3,2,1,,2,1,,1,4,1,3,,2,1,4,,2,2,1,,3,1,2,4,2,2,3,2,3,3,3,3,1,3,4,3,3,3,3,3,2,3,1,4,4,2,2,,4,2,2,2,3,4,4,2,2,4,3,1,3,3,2,1,1,,4,1,,4,2,2,2,2,2,4,3,2,1,1,2,3,2,,3,4,2,4,3,4,2,3,2,1,2,3,2,2,4,3,2,2,1,2,4,4,2,,,2,3,2,3,4,2,3,4,3,2,2,,1,2,,,2,4,4,2,2,3,4,3,3,,2,,,2,3,3,,2,,4,4,2,2,3,1,2,,3,,,,2,2,1,4,4,2,2,1,3,,3,3,3,4,3,4,4,4,,3,1,1,4,1,3,1,3,,2,4,,,3,3,,,4,2,3,,,,,,,,,,,,,4,1,1,,,,,,,,,,2,,3,3,,,,2,,,,,3
Importance,Interlibrary loan,2.5,502,199,2,1,3,3,1,4,4,4,3,2,3,1,2,4,1,3,,3,4,2,2,3,,4,3,2,1,4,3,2,4,1,4,4,1,1,2,2,1,,1,3,1,,3,4,2,4,,1,2,,4,,1,3,4,2,4,4,,4,2,3,3,2,1,4,1,3,,3,3,,3,1,4,,2,,,3,3,4,3,4,3,2,2,2,3,2,1,3,2,1,1,3,,2,2,,4,2,1,2,2,2,,3,2,2,2,2,2,2,,3,1,2,4,1,4,2,3,2,2,2,3,1,,4,1,4,3,1,2,3,4,1,,,3,3,2,4,3,2,3,3,3,3,,1,1,3,1,,,2,4,3,2,2,4,,3,,2,,3,1,3,3,,3,,3,4,1,3,3,3,4,3,4,3,,,3,1,1,4,4,,3,3,2,,3,3,2,4,1,1,4,1,,2,1,1,4,2,3,2,2,3,2,1,,,1,2,4,,2,4,3,,,,,,,,,,,,,4,1,1,,,,,,,,,,3,,2,4,,,,4,,,,,
Importance,Borrowing technology equipment,2.4,443,183,,2,3,1,,4,3,3,1,2,1,4,3,4,4,3,,2,3,2,2,2,,1,2,3,2,4,2,3,,,4,3,3,,3,1,2,,1,3,1,,4,2,1,4,3,1,4,,1,2,1,2,3,1,,1,,,1,1,2,,1,4,3,2,,3,3,,3,4,4,4,3,3,,2,2,2,1,,3,1,2,2,2,2,1,,3,1,1,,,4,1,,4,2,3,2,3,3,,3,3,1,,1,,2,,3,3,3,4,2,3,2,3,2,2,4,3,2,,4,,3,3,4,3,3,4,1,,,,3,1,3,4,2,2,1,3,3,,1,1,3,,,,1,,3,2,2,,,2,,2,,,1,2,2,,3,,2,3,2,3,4,3,4,1,4,2,,,3,1,4,1,3,,2,1,1,1,2,3,2,4,4,4,3,1,,,1,1,4,1,,4,3,,3,2,2,,1,2,2,,3,4,,,,,,,,,,,1,,,4,1,4,,,,,,,,,,1,,2,3,,,,3,,,,,
Importance,Borrowing laptops,2.2,394,178,,2,2,1,,4,3,3,1,2,1,4,3,4,4,3,,2,1,2,2,1,,1,,1,2,4,,3,,3,4,2,3,,,1,1,,1,3,1,,4,2,1,4,,1,4,,1,2,1,,4,1,,1,,,1,1,2,,1,4,1,2,,3,3,,3,4,4,4,3,,,2,2,2,1,,3,1,3,2,2,2,1,,3,1,1,,,4,1,,3,2,1,2,3,2,,3,3,1,,1,,1,,3,3,1,4,2,3,2,2,2,2,4,3,2,,4,,3,2,1,3,3,4,1,,,,3,1,3,2,2,2,1,2,3,,1,1,3,,,,1,,3,2,2,,,2,,1,,,1,2,3,,3,,2,3,1,2,4,2,2,1,,1,,,2,1,4,1,3,,2,1,1,2,2,3,2,4,3,4,2,1,2,,1,1,4,1,,4,3,,2,1,1,,1,1,2,,2,4,,,,,,,,,,,3,,,4,1,4,,,,,,,,,,1,,1,3,,,,3,,,,,
Informed,Available library services,2.5,572,227,2,2,3,4,2,3,3,3,2,3,3,3,3,2,2,4,2,3,2,3,3,4,2,3,3,2,1,3,2,4,2,2,2,,3,3,1,2,3,1,1,4,2,1,3,2,3,3,2,,2,2,2,4,3,4,3,3,4,3,3,3,2,3,3,3,4,2,2,3,2,2,2,2,3,3,3,4,2,3,2,3,3,3,2,2,1,2,3,2,3,3,2,2,2,3,1,1,3,2,3,,2,2,2,2,3,2,2,3,3,1,2,2,2,3,2,3,2,2,2,2,2,2,2,2,3,3,2,2,2,4,2,3,4,4,2,4,3,3,2,2,3,2,1,2,4,3,2,2,2,3,3,2,1,1,3,2,3,3,2,3,2,2,2,3,3,1,2,3,3,2,3,2,4,4,4,2,2,3,3,4,4,2,1,2,2,4,,2,3,1,2,3,3,3,2,2,3,2,3,,4,3,3,4,2,4,2,1,3,4,1,2,2,1,3,4,3,2,2,3,3,1,1,3,4,2,,,,,,,,,,2,,,,,3,,,,,,,,,,3,,,,,,,2,,,,,
Informed,Who to contact for your library needs,2.4,556,227,3,2,3,3,3,3,3,2,3,1,3,2,3,2,2,4,4,4,1,3,3,4,2,4,2,3,2,2,3,2,3,2,1,,3,2,1,1,2,1,1,4,3,1,3,2,3,3,2,,2,2,1,3,3,4,3,4,4,3,3,3,2,3,2,3,4,3,2,3,2,2,2,2,3,3,2,4,2,4,1,3,2,2,3,2,1,3,3,2,3,2,2,2,2,3,1,1,3,2,2,,2,2,2,2,4,3,2,3,2,1,3,2,2,3,2,3,2,2,1,1,2,3,2,2,3,2,2,2,3,3,2,3,3,3,2,3,3,3,2,2,3,2,2,1,4,3,2,3,2,4,2,2,1,1,3,2,2,3,3,3,3,2,4,,3,1,2,3,4,2,2,3,4,4,4,2,2,3,4,4,1,3,1,1,3,4,,1,3,1,3,2,2,3,1,2,3,3,3,3,4,2,3,3,2,3,2,2,3,4,1,3,1,1,1,4,2,1,2,2,3,1,1,2,3,2,,,,,,,,,,3,,,,,3,,,,,,,,,,2,,,,,,,2,,,,,
Informed,"Generative AI tools (e.g., ChatGPT, Bard, ChatPDF)",2.4,537,225,2,2,3,2,2,3,3,3,4,3,1,1,1,2,3,4,2,3,1,3,3,2,2,3,2,3,2,3,2,4,2,2,1,,2,1,2,2,3,4,1,3,1,1,1,3,2,3,2,,4,2,1,2,2,3,3,3,4,1,1,2,4,3,2,3,4,1,3,2,2,2,3,3,1,1,3,4,2,3,2,3,2,3,1,1,1,1,3,4,3,2,3,2,2,3,1,1,3,2,2,,3,3,3,1,3,3,1,3,1,4,2,2,3,3,1,1,2,2,3,1,2,2,2,2,4,3,1,1,2,4,1,2,4,2,2,3,3,3,,4,3,2,3,3,2,3,3,2,2,3,2,1,4,2,1,3,3,3,4,3,2,2,1,2,1,2,2,3,3,3,4,4,4,4,4,2,2,1,1,3,4,3,1,3,3,3,,1,2,3,3,2,4,3,2,2,1,2,3,3,2,2,3,3,2,2,3,2,3,4,2,2,1,2,,4,2,3,2,3,1,1,,3,1,2,,,,,,,,,,3,,,,,3,,,,,,,,,,3,,,,,,,2,,,,,
Informed,Availability of assistive technologies to address disabilities,2.1,473,224,2,2,3,4,2,3,3,3,1,2,1,1,1,2,1,4,2,1,1,3,3,4,2,1,2,2,1,2,3,4,1,1,3,,3,3,1,2,2,1,1,4,1,1,3,1,3,3,1,,2,2,1,4,2,2,3,1,4,2,3,1,2,3,1,3,4,2,2,2,1,2,2,2,3,1,3,4,2,4,2,3,2,3,2,1,1,1,3,2,3,3,2,2,2,3,1,1,3,2,2,,2,2,2,2,3,1,1,3,3,1,2,2,2,1,1,3,2,2,2,4,1,2,2,2,3,2,2,1,1,3,1,3,2,,2,3,3,3,,2,3,2,2,1,2,3,1,2,2,1,3,1,1,1,3,2,3,3,2,2,1,2,1,3,1,1,2,3,1,2,3,2,4,4,4,2,1,3,3,4,2,1,1,1,1,4,,1,1,1,1,1,3,3,1,2,1,1,3,3,4,2,3,1,2,2,2,1,3,4,3,2,1,1,,4,1,2,1,3,1,1,,2,3,2,,,,,,,,,,1,,,,,3,,,,,,,,,,3,,,,,,,2,,,,,
Informed,How to request materials be added to the library collection,2.1,470,227,3,2,2,2,1,3,3,2,1,2,3,1,1,2,2,4,1,2,2,3,3,4,1,2,1,3,2,1,3,2,1,1,1,,3,1,1,2,2,1,1,4,1,1,3,2,2,3,2,,2,2,3,2,2,4,3,3,4,2,2,3,1,3,1,2,4,2,1,3,1,2,2,1,3,2,2,4,2,3,1,3,1,3,2,1,1,1,3,2,3,2,2,2,2,3,1,1,3,2,2,,2,2,1,1,3,3,1,3,2,1,2,2,2,3,2,3,2,2,1,1,2,2,2,2,3,2,1,2,1,2,1,2,4,1,2,3,3,3,,3,3,2,1,1,1,3,1,2,2,2,1,2,1,1,3,2,1,1,4,3,1,2,1,3,3,1,2,2,3,2,1,3,4,4,4,2,1,3,2,4,1,1,1,1,1,4,,1,1,1,2,2,3,3,1,2,3,1,3,3,4,2,3,3,2,1,2,2,3,4,1,2,2,2,1,4,1,1,2,2,2,1,1,2,3,2,,,,,,,,,,1,,,,,3,,,,,,,,,,1,,,,,,,2,,,,,
Learning Method,Self-directed with online tutorial,2.7,597,219,3,1,2,3,2,2,2,3,3,2,2,3,1,3,4,2,1,2,3,2,3,3,4,3,2,3,2,3,3,4,3,2,4,,2,4,3,4,3,1,1,3,4,4,3,3,1,3,4,,4,3,3,4,1,3,2,1,4,3,4,3,3,3,1,3,4,2,3,3,4,4,4,1,3,2,2,3,2,2,1,3,3,4,4,4,3,1,3,3,4,3,1,2,3,2,1,1,2,3,3,,2,2,4,2,3,3,3,1,2,3,3,4,2,4,2,3,3,1,3,3,4,1,3,1,3,2,2,2,4,4,3,2,3,4,3,3,3,2,,3,3,3,2,2,3,4,3,3,4,2,3,2,4,2,3,2,3,4,4,1,3,4,4,4,3,1,3,4,4,2,3,1,1,4,,3,3,3,4,3,3,3,,3,1,2,,2,1,3,4,4,3,4,2,3,3,3,3,3,4,,3,4,2,3,4,3,1,,2,2,3,2,,3,2,2,4,2,2,1,4,1,2,3,,,,,,,,,,3,,,,,,,,,,,,,,,,,,,,,,,,,,,
Learning Method,Workshop/Training Session,2.7,579,217,1,1,3,2,3,4,3,3,2,3,2,4,2,2,3,,1,3,3,2,2,3,1,4,3,3,,3,2,3,2,3,2,,2,1,4,3,4,4,1,3,2,1,1,3,1,3,4,,3,1,3,2,2,3,4,4,4,2,4,3,3,3,3,3,4,4,4,2,3,4,3,4,3,2,2,3,1,3,3,2,1,3,3,3,4,2,3,3,3,,2,2,3,2,1,2,3,3,3,,4,2,3,4,3,3,3,2,2,3,3,2,3,2,2,3,3,4,3,1,1,1,1,3,2,2,4,3,4,4,3,3,3,4,2,4,3,1,,3,2,3,2,2,2,4,4,3,4,3,3,2,1,2,3,3,3,3,4,1,2,4,3,1,3,1,3,3,4,3,2,1,1,4,,1,2,2,1,3,3,3,,4,1,3,,3,3,3,3,3,3,3,2,3,3,3,3,2,4,,3,2,2,3,1,3,1,4,2,4,2,2,,4,2,2,4,2,3,2,4,3,4,2,,,,,,,,,,4,,,,,,,,,,,,,,,,,,,,,,,,,,,
Learning Method,Self-directed with documentation,2.5,545,215,3,1,2,3,2,2,2,3,3,2,2,2,1,1,4,2,1,1,3,2,3,2,4,3,2,3,1,3,3,2,3,1,4,,2,1,2,2,3,4,1,3,4,4,3,3,1,3,4,,3,3,3,4,1,3,1,2,4,3,4,3,3,3,1,3,4,1,2,3,4,4,4,1,3,2,2,3,1,3,1,3,3,3,1,3,3,1,3,3,4,,1,2,3,1,1,2,2,3,2,,2,2,4,2,3,3,3,2,2,3,3,3,3,4,2,3,3,1,2,4,4,1,1,1,3,2,4,2,4,4,2,2,3,2,2,3,3,2,,3,3,3,2,2,2,4,3,3,4,1,3,2,1,1,3,2,2,4,4,1,3,4,4,1,3,1,3,4,4,2,3,1,1,4,,,3,3,3,3,1,3,,3,1,2,,2,1,3,4,4,3,3,2,2,3,3,3,3,4,,3,4,2,3,4,3,1,,1,3,3,2,,3,,3,3,2,2,1,,1,1,3,,,,,,,,,,3,,,,,,,,,,,,,,,,,,,,,,,,,,,
Learning Method,One-on-one instruction,2.3,511,218,1,1,4,2,2,2,2,1,2,3,2,4,1,1,1,4,1,2,3,2,2,3,1,4,2,3,3,4,3,3,1,1,2,,2,1,4,2,4,1,1,3,2,1,4,3,1,3,3,,4,2,2,1,1,2,4,3,4,1,3,2,3,3,2,1,4,4,2,2,2,4,1,3,3,2,2,3,1,2,3,2,1,3,3,1,4,1,3,1,3,,2,1,3,2,1,2,2,2,3,,3,2,2,4,3,2,1,2,2,3,2,2,4,1,2,3,3,4,,1,1,1,2,2,1,2,4,3,4,4,3,3,2,3,2,3,3,1,,3,2,3,2,2,2,2,2,2,4,3,3,2,1,1,3,3,1,2,4,1,3,4,2,1,1,1,2,3,4,3,2,1,1,4,,1,1,3,1,3,2,1,,3,1,3,,3,4,3,3,1,1,3,1,2,3,1,3,2,4,,3,3,2,4,1,3,1,4,1,4,2,2,,4,3,3,3,2,3,2,4,3,4,1,,,,,,,,,,2,,,,,,,,,,,,,,,,,,,,,,,,,,,
Learning Method,Peer group learning,2.3,485,215,1,1,2,1,3,2,2,1,1,2,1,4,2,2,2,2,1,3,1,2,2,2,1,3,3,3,2,2,3,3,1,1,2,,2,1,4,3,2,1,1,2,2,1,4,3,1,4,4,,2,1,2,1,1,2,2,1,4,1,3,3,3,3,3,3,4,4,1,2,2,4,2,2,3,2,2,3,1,3,3,2,1,3,2,4,4,3,3,2,4,,1,1,3,2,1,1,4,3,2,,2,2,2,4,3,3,1,2,2,3,2,2,,2,2,3,3,1,2,1,1,1,1,,1,2,4,3,2,,3,2,3,4,3,2,3,1,,3,2,3,1,2,1,1,4,3,4,2,3,2,1,2,3,2,1,3,4,1,2,3,1,1,3,1,2,2,4,3,2,1,1,4,,1,2,3,1,3,3,1,,3,1,2,,1,3,3,2,3,1,2,2,2,3,3,3,3,4,,3,2,2,4,1,2,1,,2,3,2,2,3,4,2,3,3,2,1,2,,3,4,1,,,,,,,,,,4,,,,,,,,,,,,,,,,,,,,,,,,,,,
Learning Method,Trial and error,2.2,477,215,3,1,2,4,1,2,2,3,1,2,2,2,1,1,3,,4,2,3,3,3,3,1,2,2,3,1,2,3,2,4,2,2,,2,1,1,1,1,4,1,2,2,2,1,3,1,3,4,,2,2,2,2,2,4,2,2,4,3,2,2,3,3,2,1,4,1,2,1,1,4,4,4,3,2,2,2,4,3,1,2,2,2,3,3,1,2,3,2,4,,1,3,3,2,1,3,1,3,2,,1,2,3,2,3,,1,2,2,3,3,2,1,4,2,3,3,1,1,1,2,1,1,2,3,2,3,2,1,4,1,2,3,3,2,1,3,2,,3,2,3,1,2,2,3,2,3,4,1,3,2,4,3,2,2,1,2,2,1,2,3,1,1,1,2,1,2,4,3,1,1,1,4,,1,3,3,2,3,2,3,,4,1,2,,3,2,3,2,3,,1,2,2,3,3,3,2,4,,3,4,2,4,2,2,1,,2,2,1,3,3,3,1,2,1,2,1,4,,1,1,1,,,,,,,,,,1,,,,,,,,,,,,,,,,,,,,,,,,,,,
Reference Staff,Reliable,3.9,674,172,4,4,4,4,4,4,4,4,,4,4,4,4,,4,4,4,4,,4,4,4,4,4,4,4,4,4,3,4,4,3,4,4,4,,4,,,,1,4,,,4,4,4,4,,,4,4,,4,4,4,4,4,4,4,,4,4,4,4,4,3,4,4,4,,4,4,,4,4,4,4,4,4,4,4,,4,4,,,4,4,3,4,,,,4,4,,1,,4,4,,,4,,4,4,4,,4,4,4,4,,4,4,3,4,4,4,4,4,4,4,3,4,4,,4,,4,4,4,4,4,4,4,4,4,,,,4,4,4,,4,4,4,4,4,4,,,,4,,,,4,4,,4,4,,4,4,,4,4,4,,4,4,4,4,,4,4,4,,4,4,,,4,,4,,3,4,4,4,4,4,4,4,4,4,,4,4,4,3,4,4,4,4,,,,4,4,4,,4,,4,4,4,4,,4,4,,4,4,4,,,,,,,,,,,,,,,4,,,,,,,,,,4,,,,,,,,,,,,
Reference Staff,Friendly,3.9,677,173,4,4,4,4,4,4,4,4,,4,4,4,4,,4,4,4,4,,4,4,4,4,4,4,4,4,4,3,4,4,2,4,4,4,,4,,,,1,4,,,4,4,4,4,,,4,4,,4,4,4,4,4,4,4,,4,4,4,4,4,3,4,4,4,,4,4,,4,4,4,4,4,4,4,4,,4,4,,,4,4,3,4,,,,4,4,4,2,,4,4,,,4,,4,4,4,,4,4,4,4,,3,4,3,4,4,4,4,4,4,4,3,4,4,,4,,4,4,4,4,4,4,4,4,4,,,,4,4,4,,4,4,4,4,4,4,,,,4,,,,4,4,,4,4,,4,4,,4,4,4,,4,4,4,4,,4,4,4,,4,4,,,4,,4,,3,4,4,4,4,4,4,4,4,4,,4,4,4,3,4,4,4,4,,,,4,4,4,,4,,4,4,4,4,,4,4,,4,4,4,,,,,,,,,,,,,,,4,,,,,,,,,,4,,,,,,,,,,,,
Reference Staff,Responsive,3.9,671,172,4,4,4,4,4,4,4,4,,2,4,4,4,,4,4,4,4,,4,4,4,4,4,4,4,4,4,3,4,4,3,4,4,4,2,4,,,,1,4,,,4,4,4,4,,,4,4,,4,4,4,4,4,4,4,,4,4,4,4,4,3,4,4,4,,4,4,,4,4,4,4,4,4,4,4,,4,4,,,4,4,3,4,,,,4,4,,2,,4,4,,,4,,4,4,4,,4,4,4,4,,4,4,3,4,4,4,4,4,4,4,3,4,4,,4,,4,4,4,4,4,4,4,4,4,,,,4,4,4,,4,4,4,4,4,4,,,,,,,,4,4,,4,4,,4,4,,4,4,4,,4,4,4,4,,4,4,4,,4,4,,,4,,4,,3,4,4,4,4,4,4,4,4,4,,4,4,4,3,4,4,4,4,,,,4,4,4,,4,,4,4,4,4,,4,4,,4,4,4,,,,,,,,,,,,,,,4,,,,,,,,,,4,,,,,,,,,,,,
Reference Staff,Knowledgeable,3.9,667,171,4,4,4,4,4,4,4,4,,3,4,4,4,,4,4,4,4,,4,4,4,4,4,4,4,4,4,3,4,4,2,4,4,4,,4,,,,1,4,,,4,4,4,4,,,4,4,,4,4,4,4,4,4,4,,4,4,4,4,3,3,4,4,4,,4,4,,4,4,4,4,4,4,4,4,,4,4,,,4,4,3,4,,,,4,4,,3,,4,4,,,4,,4,4,4,,4,4,4,4,,4,4,3,4,4,4,4,4,4,4,3,4,4,,4,,3,4,4,4,4,4,4,4,4,,,,4,4,4,,4,4,4,4,4,3,,,,4,,,,4,4,,4,4,,4,4,,4,4,4,,4,4,4,4,,4,4,4,,4,4,,,4,,4,,3,4,4,4,4,4,4,4,4,4,,4,4,4,3,4,4,4,4,,,,4,4,4,,4,,4,4,,4,,4,4,,4,4,4,,,,,,,,,,,,,,,4,,,,,,,,,,4,,,,,,,,,,,,
Satisfaction,Public computers in the library,3.7,525,141,,4,,,,4,4,4,4,4,,,4,,,4,,3,4,4,,4,3,4,4,4,3,,4,4,4,4,,,4,,4,,4,,1,4,,,,,,4,,4,4,,,4,4,4,4,4,,4,,,3,4,4,4,4,4,4,4,,3,4,,4,1,4,4,4,4,4,4,,3,4,,,4,4,4,,4,,,4,4,4,,,4,,,,2,,4,4,,,3,4,,4,4,4,,,3,4,4,4,4,4,4,,3,3,3,3,4,,,,4,4,4,3,4,4,3,,,3,4,,3,4,4,4,4,,3,,,,,,,,,,,4,3,,,4,,3,4,,,4,2,2,4,,4,,4,4,3,4,,,,,3,,4,3,4,2,4,4,4,,,,,3,4,4,4,4,4,4,4,,,,4,4,,4,3,,4,4,,4,3,4,4,,4,,,,,,,,,,,,,,,,,4,,,,,,,,,,4,,,,,,,,,,,,
Satisfaction,Overall library service,3.7,715,193,4,4,4,4,4,3,4,4,4,4,,2,4,,4,4,3,4,3,4,4,4,3,4,4,4,3,4,1,4,4,4,4,,4,,4,4,4,1,1,4,,4,4,3,4,4,,4,4,,1,4,4,4,4,4,4,4,4,4,4,4,4,3,4,4,3,4,2,3,4,,4,1,4,4,3,4,4,4,4,4,4,,,4,4,4,3,4,,4,4,4,,,,4,4,,4,2,,4,4,4,4,3,4,,3,4,4,3,3,3,4,3,4,4,4,4,3,4,4,3,4,4,4,4,4,3,4,3,3,4,4,3,,,4,4,4,3,4,4,4,4,4,3,,,,,,,4,4,4,,4,3,,,4,,4,4,,,4,4,4,4,,4,4,4,4,3,4,4,,4,4,4,,4,4,4,3,4,4,4,4,3,4,,3,4,4,3,4,4,4,4,4,4,,4,4,4,3,3,,4,3,,4,3,4,4,,4,4,,,,,,,,,,,4,,,,,4,,,,,,,,,,4,,3,,,,,4,,,,,
Satisfaction,"Library Web site (e.g. library hours, policies)",3.7,707,191,4,4,4,4,4,4,4,4,4,3,,4,4,,4,4,,4,3,4,4,4,3,4,4,4,3,3,3,3,3,3,4,,4,,4,4,4,,1,4,,4,4,3,4,4,4,4,4,4,2,4,4,4,4,4,4,4,4,4,4,4,4,3,4,4,4,4,,3,4,,4,1,4,4,3,4,4,4,4,3,4,4,,4,4,4,2,4,,,4,4,,,3,4,2,,4,3,,4,4,4,4,3,4,,3,4,3,4,,3,4,4,4,4,4,4,3,2,4,3,4,4,4,4,4,3,4,3,3,4,4,3,,,3,4,4,3,4,,4,4,4,4,,,,4,,,4,3,4,,4,3,,,4,,4,4,,,4,3,,4,,4,4,4,4,3,4,3,,4,4,4,,4,4,4,3,4,4,4,4,3,4,,3,4,3,3,4,4,4,4,4,,,4,4,4,4,3,3,4,4,,4,3,4,4,,4,4,,,,,,,,,,,4,,,,,4,,,,,,,,,,4,,3,,,,,3,,,,,
Satisfaction,Quiet work space in the library,3.7,626,170,4,4,4,,,2,4,4,2,4,,4,4,,4,4,,4,4,4,,4,3,4,4,4,3,3,4,4,3,4,4,,4,,4,,4,,1,4,,,4,4,,4,,4,4,,3,4,4,4,4,4,,4,,,3,4,4,4,4,4,4,4,,3,4,,4,1,4,4,4,4,4,4,,4,4,,,4,4,3,3,4,,,4,4,4,,,4,4,,4,2,,4,4,3,,3,4,,4,4,,4,,3,4,2,4,4,4,4,4,2,4,3,3,3,,,,4,4,4,3,4,4,3,2,,4,4,4,3,4,4,4,4,,2,,,,4,,,,,4,,4,3,,,4,,4,4,,,4,3,4,4,4,4,4,4,3,3,4,4,,,4,4,,4,1,4,2,4,4,4,4,,4,,3,4,4,4,4,4,4,4,,4,,4,4,,4,1,,4,4,4,4,3,4,4,,3,4,,,,,,,,,,,,,,,,4,,,,,,,,,,4,,4,,,,,3,,,,,
Satisfaction,Borrowing laptops,3.7,330,90,,,,,,3,4,4,,3,,,,,,4,,,,4,,,,,,4,3,,,,,1,4,,4,,,,,,1,4,,,4,,,4,,,4,,,4,4,,,4,,,,,3,4,3,,4,4,,,,3,4,,4,3,4,4,4,4,4,4,,,4,,,4,4,4,,4,,,4,4,,,,4,3,,,2,,4,4,,,3,4,,,4,,,,3,3,,,,,4,,,4,4,,3,,,,4,,,3,4,4,3,,,,4,,3,,,,4,,3,,,,,,,,,,,4,,,,,,,4,,,,3,,4,,4,,4,,3,4,,,,,,,4,,4,,,,4,,,,,3,4,4,4,4,4,4,,,,,4,4,,4,3,,3,,,,3,,,,,4,,,,,,,,,,,,,,,,,,,,,,,,,,,,,,,,,4,,,,,
Satisfaction,Borrowing technology equipment,3.6,394,108,,,,,,3,4,4,,3,,,4,,,4,,4,,4,,4,,,,4,3,4,,,,1,4,,4,,4,,4,,1,4,,,4,,,4,,,4,,,4,4,4,,4,,,,,3,4,,,4,4,4,,,3,4,,4,3,4,4,4,4,4,4,,,4,,,4,4,4,,4,,,4,4,,,,4,3,,,2,,4,4,2,,3,4,,,4,,,,3,3,,,,,4,,3,4,4,,3,,,,4,4,3,3,4,4,3,,,,4,,3,4,,4,4,4,3,,,,,,,,,,,4,3,,,,,,4,,,,4,,4,,4,,4,2,3,4,1,,,4,,,4,,4,,,,4,,,,,3,4,4,4,4,4,4,,,,,4,4,,,3,,4,,,,3,3,,,,4,,,,,,,,,,,,,,,,,,,,,,,,,,,,,,,,,4,,,,,
Satisfaction,Range of viewpoints represented in the library's collections,3.6,601,165,,4,4,3,4,3,4,4,3,4,,,4,,,4,,4,1,4,,4,,4,3,4,3,4,4,,,4,4,,4,3,4,4,4,,1,4,,3,4,3,4,4,,,3,4,1,4,4,4,4,4,,4,,4,,4,4,3,4,4,3,4,,3,4,,4,1,4,4,4,4,4,4,,4,4,4,,4,4,4,4,4,,4,4,4,,4,3,4,3,,,2,,4,3,3,4,3,4,,3,4,,,,3,4,,4,,,4,3,4,4,4,3,4,4,4,4,4,4,2,3,4,4,3,,,3,4,4,3,4,,4,4,,4,,4,,,4,,3,3,4,,4,2,4,,,,,4,4,,4,3,,4,,4,,4,3,3,4,,,3,4,4,,3,,4,4,4,4,4,,3,4,4,3,4,4,3,4,,4,,,,,4,4,3,,3,3,4,,,3,3,4,4,,4,3,,,,,,,,,,,,,,,,,,,,,,,,,,4,,4,,,,,4,,,,,
Satisfaction,Library databases (e.g. JSTOR),3.6,650,179,,4,4,3,4,,4,4,,3,2,4,4,,,4,3,4,,4,,4,2,4,4,4,3,4,4,,4,3,4,,3,4,4,4,4,,1,4,3,3,4,4,3,4,4,4,3,4,1,4,4,4,4,4,4,4,,4,,4,4,3,4,4,3,4,,3,4,,4,1,4,4,4,4,4,4,4,4,4,4,,4,4,4,4,4,,4,4,4,,4,4,4,4,,,2,,4,3,4,,3,4,,3,4,3,3,,3,4,3,4,,,4,3,3,4,4,3,3,3,3,4,3,4,,3,4,4,3,,,3,4,4,3,4,,3,4,,4,,4,,4,4,,,3,4,,4,3,4,,4,,,,4,,4,2,,4,,4,4,4,4,3,4,,,4,,4,,3,4,4,3,4,4,4,,3,4,4,3,4,4,3,4,4,4,3,,,,4,4,4,3,3,3,4,4,,3,3,3,4,4,4,4,,,,,,,,,,,,,,,,,,,,,,,,,,4,,3,,,,,3,,,,,
Satisfaction,Interlibrary loan,3.6,494,137,3,,,3,4,3,4,4,,3,3,,4,,,4,,4,,4,,4,,4,4,4,3,,4,,,,4,,4,,4,4,,,1,4,,,4,3,4,4,,,,,,4,4,4,4,4,4,4,,4,,4,4,3,3,4,3,4,,3,4,,4,1,4,4,4,4,4,4,,4,4,4,,4,4,4,,4,,4,4,4,,3,,4,2,,,2,,4,3,,,3,4,,,4,3,,,1,4,,,,,4,3,3,3,4,3,,,4,,2,4,,3,4,4,3,,,3,4,4,3,,,,4,,4,,,,,,,,3,4,,4,3,4,,4,,,,,,4,3,,4,,4,,4,,3,4,4,,4,,4,,3,,4,3,,4,4,,3,4,4,3,4,4,3,4,3,4,,,,,4,4,3,,3,3,4,,,3,3,3,4,,,,,,,,,,,,,,,,,,,,,,,,,,,,,4,,,,,,,4,,,,,
Satisfaction,Library support for your scholarly research,3.6,612,171,3,4,4,3,4,4,4,4,,3,4,4,4,,,4,,4,2,4,4,4,2,4,,4,3,3,4,3,,4,4,4,3,3,,4,4,,1,4,,3,4,4,4,4,4,3,4,,,4,4,4,4,4,4,4,4,4,3,4,4,1,4,4,3,4,,3,4,4,4,1,4,4,4,4,3,4,,3,4,4,,,4,4,4,4,,4,4,4,,4,4,4,3,,,2,,4,3,3,4,3,4,,,4,4,,,3,3,,4,2,,4,3,3,4,,3,4,,4,,3,4,,3,4,4,3,,,3,4,,3,,,3,4,,2,,4,,3,4,,4,3,4,,3,3,,4,4,,3,4,4,,4,3,,4,,4,,4,,3,,,,3,,4,,3,4,4,2,4,4,4,,3,2,4,3,4,4,2,4,4,4,,,,,4,4,4,2,3,,4,4,,3,3,4,4,,4,4,,,,,,,,,,,,,,,,4,,,,,,,,,,4,,3,,,,,4,,,,,
Satisfaction,Library reference/research services,3.6,683,191,3,4,4,3,4,4,4,4,,4,2,3,4,,4,4,,4,,4,4,4,2,4,4,4,3,4,3,3,3,3,4,4,3,3,4,4,3,,1,4,,3,4,3,4,4,,3,4,4,,4,4,4,4,4,4,4,3,4,3,4,4,2,3,4,3,4,2,3,4,4,4,1,4,4,4,4,3,4,3,4,4,4,4,,4,4,4,4,,4,4,4,,3,3,4,3,,3,2,,4,3,3,4,3,4,,,4,4,4,,3,3,,4,2,,4,3,3,4,4,3,4,4,4,,3,4,2,3,4,4,3,,,3,4,4,3,4,,4,4,,4,,4,,4,,,4,3,4,,3,3,,4,4,4,3,4,4,,4,4,,4,,4,4,4,,3,4,3,4,4,,4,,3,4,4,2,4,4,4,,3,2,4,3,4,4,3,4,4,4,,3,,,4,4,4,1,3,3,4,4,,3,3,4,4,,4,4,,,,,,,,,,,4,,,,,4,,,,,,,,,,4,,4,,,,,3,,,,,
Satisfaction,"Physical comfort in the library (e.g. seating, lighting)",3.6,615,172,4,4,4,,,2,4,4,2,4,,4,4,,4,4,,3,4,4,,3,3,4,3,4,3,3,,4,4,4,4,,4,,4,,2,,1,4,,,4,4,2,4,,4,4,,2,4,4,3,4,4,,3,,,3,4,3,3,4,4,4,4,,3,4,,4,3,4,4,4,4,4,4,,3,4,,,4,4,3,4,4,,,4,4,,,,4,4,,3,2,,4,4,2,,3,4,,4,4,3,4,,3,4,2,3,4,3,4,3,3,4,4,3,3,,,,4,4,3,3,4,4,3,3,,4,4,4,3,4,4,3,3,4,2,,,,3,,,,4,4,,4,2,,,4,,4,4,,,4,4,,4,4,4,4,4,3,3,4,3,,,4,4,,2,1,4,4,4,4,4,4,,4,,3,4,4,4,4,4,4,4,4,4,,4,4,,3,2,,4,2,4,4,3,3,4,,4,4,,,,,,,,,,,,,,,,4,,,,,,,,,,3,,4,,,,,4,,,,,
Satisfaction,"Generative AI tools (e.g., ChatGPT, Bard, ChatPDF) for academic or work purposes",3.6,647,181,3,,4,3,4,4,4,4,3,4,,,,,4,4,,4,2,4,4,,3,4,,4,3,3,2,4,,,3,4,3,3,4,4,4,4,1,4,,3,2,4,4,4,3,1,3,,4,4,4,,4,4,4,3,,3,3,4,3,,4,,3,3,3,3,4,4,4,4,4,4,4,4,4,4,,3,4,4,4,1,4,4,,4,4,3,4,4,4,,4,4,4,,3,3,4,4,3,4,,2,,,2,4,4,4,4,4,3,,3,4,,4,4,3,4,3,,,3,,,4,4,3,3,4,4,3,,4,3,4,4,4,3,4,4,4,,,4,,4,3,,2,4,3,3,4,3,3,,4,,4,3,4,4,4,4,4,,4,,4,4,4,,3,4,4,,3,3,,,3,2,4,4,3,4,4,4,3,,4,3,4,4,3,4,4,4,,4,4,4,4,4,3,4,4,,4,4,3,3,3,,,,4,,,,,,,,,,,,4,,,,,4,,,,,,,,,,,,3,,,,,,,,,,
Satisfaction,Group study spaces in the library,3.6,578,162,,4,4,,,2,4,4,2,4,,4,4,,3,4,,3,3,4,,4,3,4,4,4,3,,4,4,,3,4,,4,,4,,2,,1,4,,,4,4,,4,,,4,,2,4,4,3,4,4,,4,,,3,4,3,3,4,4,4,4,,3,4,,4,1,4,4,4,4,4,4,,4,4,,,4,4,3,4,4,,,4,4,,,,4,4,,4,2,,4,4,3,,3,4,,4,4,3,4,,3,4,2,4,4,4,4,3,1,4,,3,3,,,,4,4,3,3,4,4,3,2,,4,4,4,3,4,,3,4,2,2,,,,4,,,,4,,,4,3,,,4,,4,4,,,3,3,4,4,4,4,4,4,3,3,4,3,,,4,,,4,1,4,2,4,4,4,4,,,,3,4,4,4,4,3,4,4,,4,,4,4,,,1,,4,3,4,4,3,4,4,,3,4,,,,,,,,,,,,,,,,4,,,,,,,,,,4,,4,,,,,4,,,,,
Satisfaction,Library research instruction for academic courses,3.6,608,171,3,4,4,3,4,4,4,4,,3,,4,4,,,4,,4,2,4,4,4,2,4,2,4,3,3,3,3,,,4,4,3,3,,4,3,,1,4,,3,4,3,4,4,4,3,4,,,4,4,,4,4,4,4,,4,3,4,4,2,4,4,2,4,2,3,4,4,4,1,4,4,4,4,3,4,,4,4,4,,,4,4,4,4,,4,4,4,,,4,4,3,,,2,,4,3,3,4,3,4,,,4,4,4,,3,3,,4,2,,4,3,3,4,,3,4,4,4,,3,4,2,3,4,4,3,,,3,4,,3,4,,,4,,2,,4,,3,4,,4,3,4,,3,3,,4,4,,3,4,4,,4,4,,4,,4,,4,,3,4,,,3,,4,,3,4,4,2,4,4,4,,3,2,4,3,4,4,2,4,4,4,,,,,4,4,4,3,3,,4,,,3,3,4,4,,4,4,,,,,,,,,,,,,,,,4,,,,,,,,,,4,,4,,,,,4,,,,,
Satisfaction,Library e-book collections,3.5,642,181,3,,4,3,4,2,4,4,3,3,3,,3,,,4,3,4,,4,4,4,2,4,,4,3,,2,,3,4,3,,4,2,4,4,4,,1,4,4,3,4,4,4,4,3,,3,4,1,4,4,3,4,4,4,4,,4,,4,4,2,4,4,3,4,,3,4,,4,1,4,4,4,4,4,4,3,4,4,4,4,4,4,4,3,4,,4,4,4,,2,3,4,2,,4,2,,4,4,3,,3,4,,3,4,4,4,,2,4,,4,4,3,4,3,3,4,4,3,,3,4,4,3,4,2,3,4,4,3,,,3,4,4,3,,,4,4,,4,,,,,4,,3,3,4,,4,3,4,,4,,,4,4,,4,4,,4,,4,,4,4,3,4,,,4,,4,,3,4,4,2,4,4,4,4,3,3,4,3,4,4,3,4,3,4,3,4,,,4,4,4,1,3,3,4,4,,3,3,4,4,4,4,4,,,,,,,,,,,,,,,,4,,,,,,,,,,4,,,,,,,3,,,,,
Satisfaction,Library subject guides,3.5,540,153,3,,4,3,3,,4,4,,3,,,,,,4,,4,2,4,4,4,2,4,4,4,3,4,3,3,3,,3,,3,3,,4,,,1,4,,3,,3,,4,,,4,,,4,4,,4,4,4,4,,4,3,4,4,2,4,4,4,4,,3,4,4,4,1,4,4,4,4,3,4,,2,4,4,,,4,4,4,4,,4,4,4,,,,4,3,,,2,,4,3,,4,3,4,,,4,,3,,3,3,,4,2,,4,3,3,4,,3,4,4,4,,3,4,,3,4,4,3,,,3,4,,3,4,,4,4,,3,,4,,,,,4,3,4,,3,3,,4,4,,3,4,,,4,2,,4,,4,,4,,3,4,,,3,,4,,3,4,4,2,4,4,4,,3,,4,3,4,4,2,4,4,4,,,,,4,4,3,1,3,,4,4,,3,3,4,,,4,4,,,,,,,,,,,,,,,,4,,,,,,,,,,,,3,,,,,4,,,,,
Satisfaction,LibrarySearch (go/primoca),3.5,560,159,3,4,4,3,4,,4,4,,3,2,,,,,4,,4,,4,4,4,2,4,3,4,3,4,3,3,,,4,,3,3,,4,3,,1,4,,3,,3,,4,,3,4,4,1,4,4,4,4,4,4,,,4,3,4,4,1,3,,3,4,,3,4,4,4,1,4,4,4,4,3,4,,4,4,4,,,4,4,4,4,,4,4,4,,3,,4,3,,,2,,4,3,3,4,3,4,,,4,,3,,3,3,,4,2,4,4,3,3,4,,3,4,4,4,,3,4,,3,4,4,3,,,3,4,,3,4,,,4,,4,,4,,4,,,4,3,4,,3,3,,4,4,,3,4,4,,4,4,,4,,4,,4,,3,4,,,3,,4,,3,4,4,2,4,4,4,,3,3,4,3,4,4,2,4,4,4,,,,,4,4,4,1,3,,4,,,3,3,,,,4,4,,,,,,,,,,,,,,,,4,,,,,,,,,,,,2,,,,,4,,,,,
Satisfaction,Physical library collections,3.5,572,163,3,4,4,3,,2,4,4,3,4,,,3,,,4,,3,,4,4,4,2,3,3,4,3,4,4,3,3,4,3,,4,,4,,4,,1,4,,,4,3,4,4,3,3,3,,1,4,4,4,4,4,4,4,,4,,4,4,2,4,4,3,4,,3,4,,4,1,4,4,4,4,4,4,,4,4,,,4,4,4,3,4,,,4,4,,,,4,2,,,2,,4,3,3,,3,4,,3,4,4,4,,4,4,3,3,4,3,4,3,3,4,4,3,,,4,,3,4,1,3,4,4,3,,,3,4,4,3,,3,4,4,,4,,4,,,,,,2,4,,4,3,,,4,,,3,,,4,2,,4,,4,,4,4,3,4,3,,,,4,,3,1,4,4,4,4,4,4,3,4,,3,4,4,3,4,3,4,3,,,,4,4,,1,3,,4,4,,3,3,,4,,4,4,,,,,,,,,,,,,,,,4,,,,,,,,,,4,,4,,,,,3,,,,,
Satisfaction,"Support for the use of Generative AI Tools (e.g., ChatGPT, Bard, ChatPDF)",3.4,558,164,3,,4,,,4,4,4,3,4,,,,,,4,,3,1,4,4,,2,,,4,3,2,2,4,,,3,4,3,3,,4,4,4,1,4,,3,,4,4,4,3,1,3,,2,4,4,,4,4,4,3,,3,3,4,,,4,,2,3,,3,4,4,4,1,4,4,4,4,4,4,,3,4,4,4,1,4,4,,4,4,3,4,4,,,4,4,3,,3,2,4,4,3,3,,2,,,2,4,4,4,4,3,3,,3,,,4,4,3,3,4,,,3,,,4,4,2,3,4,4,3,,4,3,4,4,4,3,3,3,4,,,4,,4,,,2,4,2,4,3,3,3,,4,,,3,4,4,,4,3,,4,,4,3,4,,3,4,3,,3,2,,,3,2,4,2,,4,4,,3,,4,3,4,4,3,4,4,4,,2,,4,4,4,3,4,2,,4,,3,3,3,,,,4,,,,,,,,,,,,4,,,,,4,,,,,,,,,,,,3,,,,,,,,,,
Skill Level,"Generative AI tools (e.g., ChatGPT, Bard, ChatPDF)",3.1,683,222,3,1,5,2,3,3,3,3,4,4,3,1,1,2,4,5,2,3,2,3,4,2,3,3,2,4,3,4,3,4,3,1,3,,3,2,2,3,3,4,2,4,1,3,3,4,3,5,3,,4,1,4,3,3,3,2,4,5,3,1,3,4,,3,2,5,2,3,2,2,3,3,4,1,4,4,4,4,4,3,3,1,3,3,2,2,1,4,5,1,4,4,2,4,3,2,3,3,3,5,,4,3,3,3,4,4,2,3,1,3,3,3,4,4,3,4,4,3,3,5,3,4,3,2,5,3,3,1,3,1,3,4,4,3,3,4,4,2,3,3,4,2,4,4,3,5,3,3,3,2,4,1,3,3,3,3,3,4,4,3,4,3,1,2,1,4,3,4,2,4,4,4,5,5,,3,4,4,3,4,5,4,,4,4,2,3,3,4,4,3,2,4,3,3,4,1,3,4,4,1,,4,4,3,2,3,3,5,3,3,2,4,3,3,5,2,3,3,3,1,1,2,3,2,1,,,,,,,,,,3,,,,,,,,,,,,,,,,,,,,,,,,,,,
Skill Level,Library databases (e.g. JSTOR),2.9,632,218,3,3,3,3,3,3,3,4,1,3,3,2,3,2,3,3,2,2,1,3,3,5,2,3,2,4,2,4,3,2,5,3,3,,3,2,3,2,2,1,1,4,3,3,3,4,3,5,4,,3,4,4,1,3,5,2,3,5,3,3,4,4,,3,4,5,3,1,1,2,3,3,2,4,1,4,4,4,4,3,3,3,4,1,3,1,3,4,3,,1,1,3,4,3,1,2,3,3,4,,3,3,1,2,3,4,3,3,4,4,2,1,4,3,3,4,4,2,3,1,3,4,3,2,3,3,3,3,3,5,3,1,3,2,3,3,4,5,2,3,3,2,4,2,4,1,3,3,3,4,1,3,4,4,3,2,1,3,4,3,2,3,2,2,3,1,2,2,4,3,4,4,5,2,,3,3,2,4,2,2,1,,3,3,3,,2,4,1,4,3,,3,3,4,4,3,3,3,5,,4,5,3,3,2,1,1,4,3,2,3,3,3,3,,3,2,2,4,4,3,3,4,2,,,,,,,,,,1,,,,,,,,,,,,,,,,,,,,,,,,,,,
Skill Level,LibrarySearch (go/primoca),2.6,569,220,3,3,3,3,3,3,3,3,1,3,3,1,1,2,1,3,2,3,1,3,3,5,2,3,2,4,2,4,4,2,4,1,3,,3,2,1,1,2,1,1,4,1,3,3,3,3,5,3,,3,4,4,2,3,4,2,3,5,1,1,4,4,,3,1,5,1,2,4,2,3,3,2,4,1,4,4,3,4,3,3,2,3,1,3,1,3,4,3,4,3,1,3,4,3,1,2,1,3,3,,3,3,1,2,3,3,3,3,4,1,2,1,3,3,3,4,4,2,3,3,3,4,3,2,3,3,3,2,3,4,3,2,3,2,3,3,4,2,2,1,2,2,1,2,1,1,3,3,3,4,1,3,1,3,1,2,2,3,3,3,2,3,2,2,3,1,2,2,4,1,3,3,5,2,,3,2,4,4,2,2,2,,3,1,3,,2,3,1,3,3,2,3,2,4,3,1,4,3,1,,4,2,3,3,2,1,1,4,3,2,2,3,,3,3,3,2,2,4,1,1,2,3,2,,,,,,,,,,1,,,,,,,,,,,,,,,,,,,,,,,,,,,
Want to Learn More,"Generative AI tools (e.g., ChatGPT, Bard, ChatPDF)",2.9,644,222,4,1,4,2,2,4,3,3,2,4,1,4,2,2,4,4,1,3,4,2,3,2,4,4,2,3,3,3,3,1,2,1,3,,4,3,2,3,4,4,1,3,2,3,4,4,1,4,4,,4,2,4,3,2,1,3,4,4,2,4,2,3,3,2,2,4,4,2,3,2,2,3,4,2,3,2,4,1,4,1,3,2,4,3,4,4,1,3,3,1,3,3,2,1,2,4,1,1,3,4,,3,2,4,4,3,3,4,2,2,4,3,3,3,4,2,3,4,4,3,1,3,2,3,3,1,4,4,4,4,1,2,3,4,4,2,4,3,2,3,4,3,3,4,2,4,4,3,3,4,1,4,3,3,1,4,3,4,3,4,2,3,4,4,2,3,1,4,4,3,3,3,2,1,4,,1,2,3,4,3,3,4,,4,1,2,,4,3,3,3,3,3,3,2,3,1,3,3,3,2,,3,4,2,4,4,4,4,4,4,3,3,4,2,4,3,2,4,3,2,1,4,3,4,1,,,,,,,,,,4,,,,,,,,,,,,,,,,,,,,,,,,,,,
Want to Learn More,Library databases (e.g. JSTOR),2.6,581,222,4,1,4,2,3,2,3,3,1,2,2,4,2,2,2,3,1,1,1,2,3,1,4,4,2,3,2,3,2,2,1,3,4,,2,2,3,2,2,4,1,3,2,3,2,2,1,4,4,,2,3,2,2,1,3,3,4,4,3,4,3,3,3,3,1,4,4,4,1,3,2,3,3,2,1,2,4,1,4,3,3,2,3,3,4,4,3,3,1,2,2,2,2,1,2,1,2,3,3,3,,3,2,3,3,3,3,4,2,2,4,2,3,4,3,2,3,4,2,3,4,2,1,3,3,2,2,4,4,4,4,3,2,3,1,2,4,3,2,2,3,2,3,2,1,3,2,2,3,4,1,2,3,3,1,3,3,3,3,4,1,3,4,4,2,2,1,3,2,3,3,3,1,1,4,,1,4,3,2,3,2,2,,3,2,2,,3,3,3,3,3,3,3,2,3,3,2,3,2,4,,3,4,2,3,2,1,1,4,4,4,3,2,2,3,3,2,2,3,4,2,4,3,2,3,,,,,,,,,,3,,,,,,,,,,,,,,,,,,,,,,,,,,,
Want to Learn More,LibrarySearch (go/primoca),2.5,566,222,4,1,3,2,3,2,3,3,1,2,1,4,1,2,1,3,1,2,3,2,3,1,4,3,2,3,2,2,2,2,1,1,4,,2,2,3,2,2,4,1,3,2,3,3,3,1,4,4,,2,3,2,2,1,3,3,4,4,3,4,3,3,3,2,4,4,4,4,1,3,2,3,3,2,1,2,4,2,4,1,3,2,2,2,4,4,3,3,1,2,2,2,2,1,1,1,2,3,3,2,,3,2,3,3,3,3,4,2,2,3,2,3,4,3,2,3,4,2,3,4,2,1,3,3,2,2,4,3,2,4,3,2,3,2,2,4,3,2,2,3,2,3,2,1,2,2,3,3,4,1,2,3,1,1,2,3,3,3,4,1,3,4,4,2,2,1,3,2,3,3,3,1,1,4,,1,3,3,2,3,2,2,,3,2,2,,3,3,3,3,3,3,3,2,3,3,2,2,2,4,,3,2,2,4,2,1,1,4,4,4,3,2,2,3,3,2,2,3,4,2,3,3,3,3,,,,,,,,,,3,,,,,,,,,,,,,,,,,,,,,,,,,,,