service,...1,Value,Percentage,service_long
AAG_ASM,1,1,2.88461538461538,How_much_do_the_following_contribute_to_the_achievement_of_your_academic_goals?_-_Ability_to_access_scholarly_materials_from_wherever_you_are
AAG_ASM,2,2,8.65384615384615,How_much_do_the_following_contribute_to_the_achievement_of_your_academic_goals?_-_Ability_to_access_scholarly_materials_from_wherever_you_are
AAG_ASM,3,3,21.6346153846154,How_much_do_the_following_contribute_to_the_achievement_of_your_academic_goals?_-_Ability_to_access_scholarly_materials_from_wherever_you_are
AAG_ASM,4,4,66.8269230769231,How_much_do_the_following_contribute_to_the_achievement_of_your_academic_goals?_-_Ability_to_access_scholarly_materials_from_wherever_you_are
AAG_LS,1,1,12.0418848167539,How_much_do_the_following_contribute_to_the_achievement_of_your_academic_goals?_-_Library_spaces
AAG_LS,2,2,11.5183246073298,How_much_do_the_following_contribute_to_the_achievement_of_your_academic_goals?_-_Library_spaces
AAG_LS,3,3,26.7015706806283,How_much_do_the_following_contribute_to_the_achievement_of_your_academic_goals?_-_Library_spaces
AAG_LS,4,4,49.738219895288,How_much_do_the_following_contribute_to_the_achievement_of_your_academic_goals?_-_Library_spaces
AAG_PDLC,1,1,7.2463768115942,How_much_do_the_following_contribute_to_the_achievement_of_your_academic_goals?_-_Physical_and_digital_library_collections
AAG_PDLC,2,2,20.7729468599034,How_much_do_the_following_contribute_to_the_achievement_of_your_academic_goals?_-_Physical_and_digital_library_collections
AAG_PDLC,3,3,28.9855072463768,How_much_do_the_following_contribute_to_the_achievement_of_your_academic_goals?_-_Physical_and_digital_library_collections
AAG_PDLC,4,4,42.9951690821256,How_much_do_the_following_contribute_to_the_achievement_of_your_academic_goals?_-_Physical_and_digital_library_collections
AAG_TUC,1,1,1.38888888888889,How_much_do_the_following_contribute_to_the_achievement_of_your_academic_goals?_-_Technology_used_in_courses_and_classrooms
AAG_TUC,2,2,4.62962962962963,How_much_do_the_following_contribute_to_the_achievement_of_your_academic_goals?_-_Technology_used_in_courses_and_classrooms
AAG_TUC,3,3,25.462962962963,How_much_do_the_following_contribute_to_the_achievement_of_your_academic_goals?_-_Technology_used_in_courses_and_classrooms
AAG_TUC,4,4,68.5185185185185,How_much_do_the_following_contribute_to_the_achievement_of_your_academic_goals?_-_Technology_used_in_courses_and_classrooms
AAG_WL,1,1,10.880829015544,How_much_do_the_following_contribute_to_the_achievement_of_your_academic_goals?_-_Working_with_librarians
AAG_WL,2,2,27.979274611399,How_much_do_the_following_contribute_to_the_achievement_of_your_academic_goals?_-_Working_with_librarians
AAG_WL,3,3,29.0155440414508,How_much_do_the_following_contribute_to_the_achievement_of_your_academic_goals?_-_Working_with_librarians
AAG_WL,4,4,32.1243523316062,How_much_do_the_following_contribute_to_the_achievement_of_your_academic_goals?_-_Working_with_librarians
AP_CMS,1,1,22.0264317180617,How_do_you_use_the_following_tools__if_at_all?_-_Citation_management_software
AP_CMS,2,2,22.4669603524229,How_do_you_use_the_following_tools__if_at_all?_-_Citation_management_software
AP_CMS,3,3,13.6563876651982,How_do_you_use_the_following_tools__if_at_all?_-_Citation_management_software
AP_CMS,4,4,3.08370044052863,How_do_you_use_the_following_tools__if_at_all?_-_Citation_management_software
AP_CMS,5,5,0.440528634361234,How_do_you_use_the_following_tools__if_at_all?_-_Citation_management_software
AP_CMS,6,9,38.3259911894273,How_do_you_use_the_following_tools__if_at_all?_-_Citation_management_software
AP_GAIT,1,1,6.14035087719298,How_do_you_use_the_following_tools__if_at_all?_-_Generative_AI_tools_(e.g.__ChatGPT__Bard__ChatPDF)
AP_GAIT,2,2,18.4210526315789,How_do_you_use_the_following_tools__if_at_all?_-_Generative_AI_tools_(e.g.__ChatGPT__Bard__ChatPDF)
AP_GAIT,3,3,39.9122807017544,How_do_you_use_the_following_tools__if_at_all?_-_Generative_AI_tools_(e.g.__ChatGPT__Bard__ChatPDF)
AP_GAIT,4,4,14.0350877192982,How_do_you_use_the_following_tools__if_at_all?_-_Generative_AI_tools_(e.g.__ChatGPT__Bard__ChatPDF)
AP_GAIT,5,5,3.94736842105263,How_do_you_use_the_following_tools__if_at_all?_-_Generative_AI_tools_(e.g.__ChatGPT__Bard__ChatPDF)
AP_GAIT,6,9,17.5438596491228,How_do_you_use_the_following_tools__if_at_all?_-_Generative_AI_tools_(e.g.__ChatGPT__Bard__ChatPDF)
AREM,1,1,33.4782608695652,Do_you_attend_your_classes_in-person_on_campus_or_remotely?
AREM,2,2,35.6521739130435,Do_you_attend_your_classes_in-person_on_campus_or_remotely?
AREM,3,3,5.65217391304348,Do_you_attend_your_classes_in-person_on_campus_or_remotely?
AREM,4,4,3.04347826086957,Do_you_attend_your_classes_in-person_on_campus_or_remotely?
AREM,5,5,22.1739130434783,Do_you_attend_your_classes_in-person_on_campus_or_remotely?
DALC_F,1,1,1.11731843575419,How_strongly_do_you_disagree_or_agree_with_the_following_statements_with_regard_to_the_library_circulation_staff?_-_Friendly
DALC_F,2,2,1.11731843575419,How_strongly_do_you_disagree_or_agree_with_the_following_statements_with_regard_to_the_library_circulation_staff?_-_Friendly
DALC_F,3,3,5.58659217877095,How_strongly_do_you_disagree_or_agree_with_the_following_statements_with_regard_to_the_library_circulation_staff?_-_Friendly
DALC_F,4,4,92.1787709497207,How_strongly_do_you_disagree_or_agree_with_the_following_statements_with_regard_to_the_library_circulation_staff?_-_Friendly
DALC_K,1,1,1.13636363636364,How_strongly_do_you_disagree_or_agree_with_the_following_statements_with_regard_to_the_library_circulation_staff?_-_Knowledgeable
DALC_K,2,2,0.568181818181818,How_strongly_do_you_disagree_or_agree_with_the_following_statements_with_regard_to_the_library_circulation_staff?_-_Knowledgeable
DALC_K,3,3,7.95454545454545,How_strongly_do_you_disagree_or_agree_with_the_following_statements_with_regard_to_the_library_circulation_staff?_-_Knowledgeable
DALC_K,4,4,90.3409090909091,How_strongly_do_you_disagree_or_agree_with_the_following_statements_with_regard_to_the_library_circulation_staff?_-_Knowledgeable
DALC_RL,1,1,1.12994350282486,How_strongly_do_you_disagree_or_agree_with_the_following_statements_with_regard_to_the_library_circulation_staff?_-_Reliable
DALC_RL,2,3,7.34463276836158,How_strongly_do_you_disagree_or_agree_with_the_following_statements_with_regard_to_the_library_circulation_staff?_-_Reliable
DALC_RL,3,4,91.5254237288136,How_strongly_do_you_disagree_or_agree_with_the_following_statements_with_regard_to_the_library_circulation_staff?_-_Reliable
DALC_RS,1,1,1.12359550561798,How_strongly_do_you_disagree_or_agree_with_the_following_statements_with_regard_to_the_library_circulation_staff?_-_Responsive
DALC_RS,2,2,1.12359550561798,How_strongly_do_you_disagree_or_agree_with_the_following_statements_with_regard_to_the_library_circulation_staff?_-_Responsive
DALC_RS,3,3,5.61797752808989,How_strongly_do_you_disagree_or_agree_with_the_following_statements_with_regard_to_the_library_circulation_staff?_-_Responsive
DALC_RS,4,4,92.1348314606742,How_strongly_do_you_disagree_or_agree_with_the_following_statements_with_regard_to_the_library_circulation_staff?_-_Responsive
DALR_F,1,1,0.578034682080925,How_strongly_do_you_disagree_or_agree_with_the_following_statements_with_regard_to_the_library_reference_research_staff?_-_Friendly
DALR_F,2,2,1.15606936416185,How_strongly_do_you_disagree_or_agree_with_the_following_statements_with_regard_to_the_library_reference_research_staff?_-_Friendly
DALR_F,3,3,4.6242774566474,How_strongly_do_you_disagree_or_agree_with_the_following_statements_with_regard_to_the_library_reference_research_staff?_-_Friendly
DALR_F,4,4,93.6416184971098,How_strongly_do_you_disagree_or_agree_with_the_following_statements_with_regard_to_the_library_reference_research_staff?_-_Friendly
DALR_K,1,1,0.584795321637427,How_strongly_do_you_disagree_or_agree_with_the_following_statements_with_regard_to_the_library_reference_research_staff?_-_Knowledgeable
DALR_K,2,2,0.584795321637427,How_strongly_do_you_disagree_or_agree_with_the_following_statements_with_regard_to_the_library_reference_research_staff?_-_Knowledgeable
DALR_K,3,3,7.01754385964912,How_strongly_do_you_disagree_or_agree_with_the_following_statements_with_regard_to_the_library_reference_research_staff?_-_Knowledgeable
DALR_K,4,4,91.812865497076,How_strongly_do_you_disagree_or_agree_with_the_following_statements_with_regard_to_the_library_reference_research_staff?_-_Knowledgeable
DALR_RL,1,1,1.16279069767442,How_strongly_do_you_disagree_or_agree_with_the_following_statements_with_regard_to_the_library_reference_research_staff?_-_Reliable
DALR_RL,2,3,4.65116279069767,How_strongly_do_you_disagree_or_agree_with_the_following_statements_with_regard_to_the_library_reference_research_staff?_-_Reliable
DALR_RL,3,4,94.1860465116279,How_strongly_do_you_disagree_or_agree_with_the_following_statements_with_regard_to_the_library_reference_research_staff?_-_Reliable
DALR_RS,1,1,0.581395348837209,How_strongly_do_you_disagree_or_agree_with_the_following_statements_with_regard_to_the_library_reference_research_staff?_-_Responsive
DALR_RS,2,2,1.74418604651163,How_strongly_do_you_disagree_or_agree_with_the_following_statements_with_regard_to_the_library_reference_research_staff?_-_Responsive
DALR_RS,3,3,4.65116279069767,How_strongly_do_you_disagree_or_agree_with_the_following_statements_with_regard_to_the_library_reference_research_staff?_-_Responsive
DALR_RS,4,4,93.0232558139535,How_strongly_do_you_disagree_or_agree_with_the_following_statements_with_regard_to_the_library_reference_research_staff?_-_Responsive
DS_AWAC,1,1,0.578034682080925,How_dissatisfied_or_satisfied_are_you_with_the_following_resources_and_services?_-_Availability_of_wireless_access_on_campus
DS_AWAC,2,2,2.3121387283237,How_dissatisfied_or_satisfied_are_you_with_the_following_resources_and_services?_-_Availability_of_wireless_access_on_campus
DS_AWAC,3,3,16.1849710982659,How_dissatisfied_or_satisfied_are_you_with_the_following_resources_and_services?_-_Availability_of_wireless_access_on_campus
DS_AWAC,4,4,80.9248554913295,How_dissatisfied_or_satisfied_are_you_with_the_following_resources_and_services?_-_Availability_of_wireless_access_on_campus
DS_BL,1,1,2.22222222222222,How_dissatisfied_or_satisfied_are_you_with_the_following_resources_and_services?_-_Borrowing_laptops
DS_BL,2,2,1.11111111111111,How_dissatisfied_or_satisfied_are_you_with_the_following_resources_and_services?_-_Borrowing_laptops
DS_BL,3,3,24.4444444444444,How_dissatisfied_or_satisfied_are_you_with_the_following_resources_and_services?_-_Borrowing_laptops
DS_BL,4,4,72.2222222222222,How_dissatisfied_or_satisfied_are_you_with_the_following_resources_and_services?_-_Borrowing_laptops
DS_BTE,1,1,2.77777777777778,How_dissatisfied_or_satisfied_are_you_with_the_following_resources_and_services?_-_Borrowing_technology_equipment
DS_BTE,2,2,2.77777777777778,How_dissatisfied_or_satisfied_are_you_with_the_following_resources_and_services?_-_Borrowing_technology_equipment
DS_BTE,3,3,21.2962962962963,How_dissatisfied_or_satisfied_are_you_with_the_following_resources_and_services?_-_Borrowing_technology_equipment
DS_BTE,4,4,73.1481481481482,How_dissatisfied_or_satisfied_are_you_with_the_following_resources_and_services?_-_Borrowing_technology_equipment
DS_CFCPS,1,1,1.28205128205128,How_dissatisfied_or_satisfied_are_you_with_the_following_resources_and_services?_-_Technology_help_desk_schedule
DS_CFCPS,2,2,1.92307692307692,How_dissatisfied_or_satisfied_are_you_with_the_following_resources_and_services?_-_Technology_help_desk_schedule
DS_CFCPS,3,3,23.7179487179487,How_dissatisfied_or_satisfied_are_you_with_the_following_resources_and_services?_-_Technology_help_desk_schedule
DS_CFCPS,4,4,73.0769230769231,How_dissatisfied_or_satisfied_are_you_with_the_following_resources_and_services?_-_Technology_help_desk_schedule
DS_CMS,1,1,0.440528634361234,How_dissatisfied_or_satisfied_are_you_with_the_following_resources_and_services?_-_Canvas
DS_CMS,2,2,3.52422907488987,How_dissatisfied_or_satisfied_are_you_with_the_following_resources_and_services?_-_Canvas
DS_CMS,3,3,14.0969162995595,How_dissatisfied_or_satisfied_are_you_with_the_following_resources_and_services?_-_Canvas
DS_CMS,4,4,81.9383259911894,How_dissatisfied_or_satisfied_are_you_with_the_following_resources_and_services?_-_Canvas
DS_CMSAS,1,1,0.896860986547085,How_dissatisfied_or_satisfied_are_you_with_the_following_resources_and_services?_-_Canvas_assignment_submission
DS_CMSAS,2,2,2.69058295964126,How_dissatisfied_or_satisfied_are_you_with_the_following_resources_and_services?_-_Canvas_assignment_submission
DS_CMSAS,3,3,16.1434977578475,How_dissatisfied_or_satisfied_are_you_with_the_following_resources_and_services?_-_Canvas_assignment_submission
DS_CMSAS,4,4,80.2690582959641,How_dissatisfied_or_satisfied_are_you_with_the_following_resources_and_services?_-_Canvas_assignment_submission
DS_CMSGB,1,1,1.01010101010101,How_dissatisfied_or_satisfied_are_you_with_the_following_resources_and_services?_-_Canvas_grade_book
DS_CMSGB,2,2,4.54545454545455,How_dissatisfied_or_satisfied_are_you_with_the_following_resources_and_services?_-_Canvas_grade_book
DS_CMSGB,3,3,21.2121212121212,How_dissatisfied_or_satisfied_are_you_with_the_following_resources_and_services?_-_Canvas_grade_book
DS_CMSGB,4,4,73.2323232323232,How_dissatisfied_or_satisfied_are_you_with_the_following_resources_and_services?_-_Canvas_grade_book
DS_CMSOQ,1,1,1.03626943005181,How_dissatisfied_or_satisfied_are_you_with_the_following_resources_and_services?_-_Canvas_online_quizzes
DS_CMSOQ,2,2,3.10880829015544,How_dissatisfied_or_satisfied_are_you_with_the_following_resources_and_services?_-_Canvas_online_quizzes
DS_CMSOQ,3,3,18.6528497409326,How_dissatisfied_or_satisfied_are_you_with_the_following_resources_and_services?_-_Canvas_online_quizzes
DS_CMSOQ,4,4,77.2020725388601,How_dissatisfied_or_satisfied_are_you_with_the_following_resources_and_services?_-_Canvas_online_quizzes
DS_CMSS,1,1,1.04712041884817,How_dissatisfied_or_satisfied_are_you_with_the_following_resources_and_services?_-_Canvas_support
DS_CMSS,2,2,4.18848167539267,How_dissatisfied_or_satisfied_are_you_with_the_following_resources_and_services?_-_Canvas_support
DS_CMSS,3,3,17.2774869109948,How_dissatisfied_or_satisfied_are_you_with_the_following_resources_and_services?_-_Canvas_support
DS_CMSS,4,4,77.4869109947644,How_dissatisfied_or_satisfied_are_you_with_the_following_resources_and_services?_-_Canvas_support
DS_CS,1,1,1.01522842639594,How_dissatisfied_or_satisfied_are_you_with_the_following_resources_and_services?_-_Online_collaborative_software
DS_CS,2,2,2.53807106598985,How_dissatisfied_or_satisfied_are_you_with_the_following_resources_and_services?_-_Online_collaborative_software
DS_CS,3,3,19.7969543147208,How_dissatisfied_or_satisfied_are_you_with_the_following_resources_and_services?_-_Online_collaborative_software
DS_CS,4,4,76.6497461928934,How_dissatisfied_or_satisfied_are_you_with_the_following_resources_and_services?_-_Online_collaborative_software
DS_FPC,1,1,1.21212121212121,How_dissatisfied_or_satisfied_are_you_with_the_following_resources_and_services?_-_Technology_help_desk
DS_FPC,2,2,1.21212121212121,How_dissatisfied_or_satisfied_are_you_with_the_following_resources_and_services?_-_Technology_help_desk
DS_FPC,3,3,23.030303030303,How_dissatisfied_or_satisfied_are_you_with_the_following_resources_and_services?_-_Technology_help_desk
DS_FPC,4,4,74.5454545454545,How_dissatisfied_or_satisfied_are_you_with_the_following_resources_and_services?_-_Technology_help_desk
DS_GAIT,1,1,1.65745856353591,How_dissatisfied_or_satisfied_are_you_with_the_following_resources_and_services?_-_Generative_AI_tools_(e.g.__ChatGPT__Bard__ChatPDF)_for_academic_or_work_purposes
DS_GAIT,2,2,3.86740331491713,How_dissatisfied_or_satisfied_are_you_with_the_following_resources_and_services?_-_Generative_AI_tools_(e.g.__ChatGPT__Bard__ChatPDF)_for_academic_or_work_purposes
DS_GAIT,3,3,29.8342541436464,How_dissatisfied_or_satisfied_are_you_with_the_following_resources_and_services?_-_Generative_AI_tools_(e.g.__ChatGPT__Bard__ChatPDF)_for_academic_or_work_purposes
DS_GAIT,4,4,64.6408839779006,How_dissatisfied_or_satisfied_are_you_with_the_following_resources_and_services?_-_Generative_AI_tools_(e.g.__ChatGPT__Bard__ChatPDF)_for_academic_or_work_purposes
DS_GSSL,1,1,3.08641975308642,How_dissatisfied_or_satisfied_are_you_with_the_following_resources_and_services?_-_Group_study_spaces_in_the_library
DS_GSSL,2,2,6.17283950617284,How_dissatisfied_or_satisfied_are_you_with_the_following_resources_and_services?_-_Group_study_spaces_in_the_library
DS_GSSL,3,3,21.6049382716049,How_dissatisfied_or_satisfied_are_you_with_the_following_resources_and_services?_-_Group_study_spaces_in_the_library
DS_GSSL,4,4,69.1358024691358,How_dissatisfied_or_satisfied_are_you_with_the_following_resources_and_services?_-_Group_study_spaces_in_the_library
DS_ILL,1,1,2.18978102189781,How_dissatisfied_or_satisfied_are_you_with_the_following_resources_and_services?_-_Interlibrary_loan
DS_ILL,2,2,2.18978102189781,How_dissatisfied_or_satisfied_are_you_with_the_following_resources_and_services?_-_Interlibrary_loan
DS_ILL,3,3,28.4671532846715,How_dissatisfied_or_satisfied_are_you_with_the_following_resources_and_services?_-_Interlibrary_loan
DS_ILL,4,4,67.1532846715328,How_dissatisfied_or_satisfied_are_you_with_the_following_resources_and_services?_-_Interlibrary_loan
DS_LC,1,1,3.68098159509202,How_dissatisfied_or_satisfied_are_you_with_the_following_resources_and_services?_-_Physical_library_collections
DS_LC,2,2,4.29447852760736,How_dissatisfied_or_satisfied_are_you_with_the_following_resources_and_services?_-_Physical_library_collections
DS_LC,3,3,29.4478527607362,How_dissatisfied_or_satisfied_are_you_with_the_following_resources_and_services?_-_Physical_library_collections
DS_LC,4,4,62.5766871165644,How_dissatisfied_or_satisfied_are_you_with_the_following_resources_and_services?_-_Physical_library_collections
DS_LDB,1,1,1.67597765363128,How_dissatisfied_or_satisfied_are_you_with_the_following_resources_and_services?_-_Library_databases_(e.g._JSTOR)
DS_LDB,2,2,2.23463687150838,How_dissatisfied_or_satisfied_are_you_with_the_following_resources_and_services?_-_Library_databases_(e.g._JSTOR)
DS_LDB,3,3,27.3743016759777,How_dissatisfied_or_satisfied_are_you_with_the_following_resources_and_services?_-_Library_databases_(e.g._JSTOR)
DS_LDB,4,4,68.7150837988827,How_dissatisfied_or_satisfied_are_you_with_the_following_resources_and_services?_-_Library_databases_(e.g._JSTOR)
DS_LDL,1,1,3.14465408805031,How_dissatisfied_or_satisfied_are_you_with_the_following_resources_and_services?_-_LibrarySearch_(go_primoca)
DS_LDL,2,2,4.40251572327044,How_dissatisfied_or_satisfied_are_you_with_the_following_resources_and_services?_-_LibrarySearch_(go_primoca)
DS_LDL,3,3,29.559748427673,How_dissatisfied_or_satisfied_are_you_with_the_following_resources_and_services?_-_LibrarySearch_(go_primoca)
DS_LDL,4,4,62.8930817610063,How_dissatisfied_or_satisfied_are_you_with_the_following_resources_and_services?_-_LibrarySearch_(go_primoca)
DS_LEC,1,1,2.20994475138122,How_dissatisfied_or_satisfied_are_you_with_the_following_resources_and_services?_-_Library_e-book_collections
DS_LEC,2,2,6.07734806629834,How_dissatisfied_or_satisfied_are_you_with_the_following_resources_and_services?_-_Library_e-book_collections
DS_LEC,3,3,26.5193370165746,How_dissatisfied_or_satisfied_are_you_with_the_following_resources_and_services?_-_Library_e-book_collections
DS_LEC,4,4,65.1933701657459,How_dissatisfied_or_satisfied_are_you_with_the_following_resources_and_services?_-_Library_e-book_collections
DS_LIAC,1,1,1.16959064327485,How_dissatisfied_or_satisfied_are_you_with_the_following_resources_and_services?_-_Library_research_instruction_for_academic_courses
DS_LIAC,2,2,7.60233918128655,How_dissatisfied_or_satisfied_are_you_with_the_following_resources_and_services?_-_Library_research_instruction_for_academic_courses
DS_LIAC,3,3,25.7309941520468,How_dissatisfied_or_satisfied_are_you_with_the_following_resources_and_services?_-_Library_research_instruction_for_academic_courses
DS_LIAC,4,4,65.4970760233918,How_dissatisfied_or_satisfied_are_you_with_the_following_resources_and_services?_-_Library_research_instruction_for_academic_courses
DS_LRS,1,1,1.57068062827225,How_dissatisfied_or_satisfied_are_you_with_the_following_resources_and_services?_-_Library_reference_research_services
DS_LRS,2,2,4.71204188481675,How_dissatisfied_or_satisfied_are_you_with_the_following_resources_and_services?_-_Library_reference_research_services
DS_LRS,3,3,28.2722513089005,How_dissatisfied_or_satisfied_are_you_with_the_following_resources_and_services?_-_Library_reference_research_services
DS_LRS,4,4,65.4450261780105,How_dissatisfied_or_satisfied_are_you_with_the_following_resources_and_services?_-_Library_reference_research_services
DS_LSG,1,1,1.96078431372549,How_dissatisfied_or_satisfied_are_you_with_the_following_resources_and_services?_-_Library_subject_guides
DS_LSG,2,2,5.88235294117647,How_dissatisfied_or_satisfied_are_you_with_the_following_resources_and_services?_-_Library_subject_guides
DS_LSG,3,3,29.4117647058824,How_dissatisfied_or_satisfied_are_you_with_the_following_resources_and_services?_-_Library_subject_guides
DS_LSG,4,4,62.7450980392157,How_dissatisfied_or_satisfied_are_you_with_the_following_resources_and_services?_-_Library_subject_guides
DS_LSSR,1,1,1.75438596491228,How_dissatisfied_or_satisfied_are_you_with_the_following_resources_and_services?_-_Library_support_for_your_scholarly_research
DS_LSSR,2,2,5.26315789473684,How_dissatisfied_or_satisfied_are_you_with_the_following_resources_and_services?_-_Library_support_for_your_scholarly_research
DS_LSSR,3,3,26.3157894736842,How_dissatisfied_or_satisfied_are_you_with_the_following_resources_and_services?_-_Library_support_for_your_scholarly_research
DS_LSSR,4,4,66.6666666666667,How_dissatisfied_or_satisfied_are_you_with_the_following_resources_and_services?_-_Library_support_for_your_scholarly_research
DS_LWS,1,1,1.04712041884817,How_dissatisfied_or_satisfied_are_you_with_the_following_resources_and_services?_-_Library_Web_site_(e.g._library_hours__policies)
DS_LWS,2,2,2.09424083769634,How_dissatisfied_or_satisfied_are_you_with_the_following_resources_and_services?_-_Library_Web_site_(e.g._library_hours__policies)
DS_LWS,3,3,22.5130890052356,How_dissatisfied_or_satisfied_are_you_with_the_following_resources_and_services?_-_Library_Web_site_(e.g._library_hours__policies)
DS_LWS,4,4,74.3455497382199,How_dissatisfied_or_satisfied_are_you_with_the_following_resources_and_services?_-_Library_Web_site_(e.g._library_hours__policies)
DS_OCS,1,1,1.68539325842697,How_dissatisfied_or_satisfied_are_you_with_the_following_resources_and_services?_-_Overall_computing_service
DS_OCS,2,2,2.24719101123596,How_dissatisfied_or_satisfied_are_you_with_the_following_resources_and_services?_-_Overall_computing_service
DS_OCS,3,3,21.3483146067416,How_dissatisfied_or_satisfied_are_you_with_the_following_resources_and_services?_-_Overall_computing_service
DS_OCS,4,4,74.7191011235955,How_dissatisfied_or_satisfied_are_you_with_the_following_resources_and_services?_-_Overall_computing_service
DS_OLS,1,1,2.59067357512953,How_dissatisfied_or_satisfied_are_you_with_the_following_resources_and_services?_-_Overall_library_service
DS_OLS,2,2,1.55440414507772,How_dissatisfied_or_satisfied_are_you_with_the_following_resources_and_services?_-_Overall_library_service
DS_OLS,3,3,18.6528497409326,How_dissatisfied_or_satisfied_are_you_with_the_following_resources_and_services?_-_Overall_library_service
DS_OLS,4,4,77.2020725388601,How_dissatisfied_or_satisfied_are_you_with_the_following_resources_and_services?_-_Overall_library_service
DS_PCIL,1,1,1.16279069767442,How_dissatisfied_or_satisfied_are_you_with_the_following_resources_and_services?_-_Physical_comfort_in_the_library_(e.g._seating__lighting)
DS_PCIL,2,2,7.55813953488372,How_dissatisfied_or_satisfied_are_you_with_the_following_resources_and_services?_-_Physical_comfort_in_the_library_(e.g._seating__lighting)
DS_PCIL,3,3,23.8372093023256,How_dissatisfied_or_satisfied_are_you_with_the_following_resources_and_services?_-_Physical_comfort_in_the_library_(e.g._seating__lighting)
DS_PCIL,4,4,67.4418604651163,How_dissatisfied_or_satisfied_are_you_with_the_following_resources_and_services?_-_Physical_comfort_in_the_library_(e.g._seating__lighting)
DS_PCL,1,1,1.41843971631206,How_dissatisfied_or_satisfied_are_you_with_the_following_resources_and_services?_-_Public_computers_in_the_library
DS_PCL,2,2,2.83687943262411,How_dissatisfied_or_satisfied_are_you_with_the_following_resources_and_services?_-_Public_computers_in_the_library
DS_PCL,3,3,17.7304964539007,How_dissatisfied_or_satisfied_are_you_with_the_following_resources_and_services?_-_Public_computers_in_the_library
DS_PCL,4,4,78.0141843971631,How_dissatisfied_or_satisfied_are_you_with_the_following_resources_and_services?_-_Public_computers_in_the_library
DS_PWAC,1,1,0.526315789473684,How_dissatisfied_or_satisfied_are_you_with_the_following_resources_and_services?_-_Performance_of_wireless_access_on_campus
DS_PWAC,2,2,6.31578947368421,How_dissatisfied_or_satisfied_are_you_with_the_following_resources_and_services?_-_Performance_of_wireless_access_on_campus
DS_PWAC,3,3,17.8947368421053,How_dissatisfied_or_satisfied_are_you_with_the_following_resources_and_services?_-_Performance_of_wireless_access_on_campus
DS_PWAC,4,4,75.2631578947368,How_dissatisfied_or_satisfied_are_you_with_the_following_resources_and_services?_-_Performance_of_wireless_access_on_campus
DS_QWSL,1,1,2.35294117647059,How_dissatisfied_or_satisfied_are_you_with_the_following_resources_and_services?_-_Quiet_work_space_in_the_library
DS_QWSL,2,2,4.70588235294118,How_dissatisfied_or_satisfied_are_you_with_the_following_resources_and_services?_-_Quiet_work_space_in_the_library
DS_QWSL,3,3,15.2941176470588,How_dissatisfied_or_satisfied_are_you_with_the_following_resources_and_services?_-_Quiet_work_space_in_the_library
DS_QWSL,4,4,77.6470588235294,How_dissatisfied_or_satisfied_are_you_with_the_following_resources_and_services?_-_Quiet_work_space_in_the_library
DS_RVLC,1,1,2.42424242424242,How_dissatisfied_or_satisfied_are_you_with_the_following_resources_and_services?_-_Range_of_viewpoints_represented_in_the_library's_collections
DS_RVLC,2,2,1.81818181818182,How_dissatisfied_or_satisfied_are_you_with_the_following_resources_and_services?_-_Range_of_viewpoints_represented_in_the_library's_collections
DS_RVLC,3,3,24.8484848484848,How_dissatisfied_or_satisfied_are_you_with_the_following_resources_and_services?_-_Range_of_viewpoints_represented_in_the_library's_collections
DS_RVLC,4,4,70.9090909090909,How_dissatisfied_or_satisfied_are_you_with_the_following_resources_and_services?_-_Range_of_viewpoints_represented_in_the_library's_collections
DS_SDAV,1,1,1.59574468085106,How_dissatisfied_or_satisfied_are_you_with_the_following_resources_and_services?_-_Support_for_digital_audio_video_creation
DS_SDAV,2,2,2.12765957446809,How_dissatisfied_or_satisfied_are_you_with_the_following_resources_and_services?_-_Support_for_digital_audio_video_creation
DS_SDAV,3,3,22.3404255319149,How_dissatisfied_or_satisfied_are_you_with_the_following_resources_and_services?_-_Support_for_digital_audio_video_creation
DS_SDAV,4,4,73.936170212766,How_dissatisfied_or_satisfied_are_you_with_the_following_resources_and_services?_-_Support_for_digital_audio_video_creation
DS_SGAIT,1,1,3.04878048780488,How_dissatisfied_or_satisfied_are_you_with_the_following_resources_and_services?_-_Support_for_the_use_of_Generative_AI_Tools_(e.g.__ChatGPT__Bard__ChatPDF)
DS_SGAIT,2,2,9.75609756097561,How_dissatisfied_or_satisfied_are_you_with_the_following_resources_and_services?_-_Support_for_the_use_of_Generative_AI_Tools_(e.g.__ChatGPT__Bard__ChatPDF)
DS_SGAIT,3,3,31.0975609756098,How_dissatisfied_or_satisfied_are_you_with_the_following_resources_and_services?_-_Support_for_the_use_of_Generative_AI_Tools_(e.g.__ChatGPT__Bard__ChatPDF)
DS_SGAIT,4,4,56.0975609756098,How_dissatisfied_or_satisfied_are_you_with_the_following_resources_and_services?_-_Support_for_the_use_of_Generative_AI_Tools_(e.g.__ChatGPT__Bard__ChatPDF)
IMP_AWAC,1,1,6.89655172413793,How_important_are_these_services_to_you?_-_Availability_of_wireless_access_on_campus
IMP_AWAC,2,2,3.44827586206897,How_important_are_these_services_to_you?_-_Availability_of_wireless_access_on_campus
IMP_AWAC,3,3,16.256157635468,How_important_are_these_services_to_you?_-_Availability_of_wireless_access_on_campus
IMP_AWAC,4,4,73.3990147783251,How_important_are_these_services_to_you?_-_Availability_of_wireless_access_on_campus
IMP_BL,1,1,33.1460674157303,How_important_are_these_services_to_you?_-_Borrowing_laptops
IMP_BL,2,2,28.0898876404494,How_important_are_these_services_to_you?_-_Borrowing_laptops
IMP_BL,3,3,23.0337078651685,How_important_are_these_services_to_you?_-_Borrowing_laptops
IMP_BL,4,4,15.7303370786517,How_important_are_these_services_to_you?_-_Borrowing_laptops
IMP_BTE,1,1,24.5901639344262,How_important_are_these_services_to_you?_-_Borrowing_technology_equipment
IMP_BTE,2,2,26.775956284153,How_important_are_these_services_to_you?_-_Borrowing_technology_equipment
IMP_BTE,3,3,30.6010928961749,How_important_are_these_services_to_you?_-_Borrowing_technology_equipment
IMP_BTE,4,4,18.0327868852459,How_important_are_these_services_to_you?_-_Borrowing_technology_equipment
IMP_CFCPS,1,1,13.3663366336634,How_important_are_these_services_to_you?_-_Technology_help_desk_schedule
IMP_CFCPS,2,2,28.2178217821782,How_important_are_these_services_to_you?_-_Technology_help_desk_schedule
IMP_CFCPS,3,3,30.1980198019802,How_important_are_these_services_to_you?_-_Technology_help_desk_schedule
IMP_CFCPS,4,4,28.2178217821782,How_important_are_these_services_to_you?_-_Technology_help_desk_schedule
IMP_CMS,1,2,3.40425531914894,How_important_are_these_services_to_you?_-_Canvas
IMP_CMS,2,3,14.468085106383,How_important_are_these_services_to_you?_-_Canvas
IMP_CMS,3,4,82.1276595744681,How_important_are_these_services_to_you?_-_Canvas
IMP_CMSAS,1,1,3.00429184549356,How_important_are_these_services_to_you?_-_Canvas_assignment_submission
IMP_CMSAS,2,2,4.29184549356223,How_important_are_these_services_to_you?_-_Canvas_assignment_submission
IMP_CMSAS,3,3,18.8841201716738,How_important_are_these_services_to_you?_-_Canvas_assignment_submission
IMP_CMSAS,4,4,73.8197424892704,How_important_are_these_services_to_you?_-_Canvas_assignment_submission
IMP_CMSGB,1,1,12.3853211009174,How_important_are_these_services_to_you?_-_Canvas_grade_book
IMP_CMSGB,2,2,15.1376146788991,How_important_are_these_services_to_you?_-_Canvas_grade_book
IMP_CMSGB,3,3,27.0642201834862,How_important_are_these_services_to_you?_-_Canvas_grade_book
IMP_CMSGB,4,4,45.4128440366972,How_important_are_these_services_to_you?_-_Canvas_grade_book
IMP_CMSOQ,1,1,20.0913242009132,How_important_are_these_services_to_you?_-_Canvas_online_quizzes
IMP_CMSOQ,2,2,20.0913242009132,How_important_are_these_services_to_you?_-_Canvas_online_quizzes
IMP_CMSOQ,3,3,21.9178082191781,How_important_are_these_services_to_you?_-_Canvas_online_quizzes
IMP_CMSOQ,4,4,37.8995433789954,How_important_are_these_services_to_you?_-_Canvas_online_quizzes
IMP_CMSS,1,1,11.9815668202765,How_important_are_these_services_to_you?_-_Canvas_support
IMP_CMSS,2,2,21.6589861751152,How_important_are_these_services_to_you?_-_Canvas_support
IMP_CMSS,3,3,21.6589861751152,How_important_are_these_services_to_you?_-_Canvas_support
IMP_CMSS,4,4,44.7004608294931,How_important_are_these_services_to_you?_-_Canvas_support
IMP_CS,1,1,8.67579908675799,How_important_are_these_services_to_you?_-_Online_collaborative_software
IMP_CS,2,2,14.6118721461187,How_important_are_these_services_to_you?_-_Online_collaborative_software
IMP_CS,3,3,22.8310502283105,How_important_are_these_services_to_you?_-_Online_collaborative_software
IMP_CS,4,4,53.8812785388128,How_important_are_these_services_to_you?_-_Online_collaborative_software
IMP_FPC,1,1,11.0576923076923,How_important_are_these_services_to_you?_-_Technology_help_desk
IMP_FPC,2,2,27.4038461538462,How_important_are_these_services_to_you?_-_Technology_help_desk
IMP_FPC,3,3,28.8461538461538,How_important_are_these_services_to_you?_-_Technology_help_desk
IMP_FPC,4,4,32.6923076923077,How_important_are_these_services_to_you?_-_Technology_help_desk
IMP_GAIT,1,1,14.7321428571429,How_important_are_these_services_to_you?_-_Generative_AI_tools_(e.g.__ChatGPT__Bard__ChatPDF)_for_academic_or_work_purposes
IMP_GAIT,2,2,24.1071428571429,How_important_are_these_services_to_you?_-_Generative_AI_tools_(e.g.__ChatGPT__Bard__ChatPDF)_for_academic_or_work_purposes
IMP_GAIT,3,3,20.9821428571429,How_important_are_these_services_to_you?_-_Generative_AI_tools_(e.g.__ChatGPT__Bard__ChatPDF)_for_academic_or_work_purposes
IMP_GAIT,4,4,40.1785714285714,How_important_are_these_services_to_you?_-_Generative_AI_tools_(e.g.__ChatGPT__Bard__ChatPDF)_for_academic_or_work_purposes
IMP_GSSL,1,1,10,How_important_are_these_services_to_you?_-_Group_study_spaces_in_the_library
IMP_GSSL,2,2,11,How_important_are_these_services_to_you?_-_Group_study_spaces_in_the_library
IMP_GSSL,3,3,27,How_important_are_these_services_to_you?_-_Group_study_spaces_in_the_library
IMP_GSSL,4,4,52,How_important_are_these_services_to_you?_-_Group_study_spaces_in_the_library
IMP_ILL,1,1,21.105527638191,How_important_are_these_services_to_you?_-_Interlibrary_loan
IMP_ILL,2,2,27.1356783919598,How_important_are_these_services_to_you?_-_Interlibrary_loan
IMP_ILL,3,3,30.1507537688442,How_important_are_these_services_to_you?_-_Interlibrary_loan
IMP_ILL,4,4,21.608040201005,How_important_are_these_services_to_you?_-_Interlibrary_loan
IMP_LC,1,1,17.1717171717172,How_important_are_these_services_to_you?_-_Physical_library_collections
IMP_LC,2,2,23.7373737373737,How_important_are_these_services_to_you?_-_Physical_library_collections
IMP_LC,3,3,28.2828282828283,How_important_are_these_services_to_you?_-_Physical_library_collections
IMP_LC,4,4,30.8080808080808,How_important_are_these_services_to_you?_-_Physical_library_collections
IMP_LDB,1,1,8.33333333333333,How_important_are_these_services_to_you?_-_Library_databases_(e.g._JSTOR)
IMP_LDB,2,2,14.8148148148148,How_important_are_these_services_to_you?_-_Library_databases_(e.g._JSTOR)
IMP_LDB,3,3,28.2407407407407,How_important_are_these_services_to_you?_-_Library_databases_(e.g._JSTOR)
IMP_LDB,4,4,48.6111111111111,How_important_are_these_services_to_you?_-_Library_databases_(e.g._JSTOR)
IMP_LDL,1,1,13.8613861386139,How_important_are_these_services_to_you?_-_LibrarySearch_(go_primoca)
IMP_LDL,2,2,29.2079207920792,How_important_are_these_services_to_you?_-_LibrarySearch_(go_primoca)
IMP_LDL,3,3,32.1782178217822,How_important_are_these_services_to_you?_-_LibrarySearch_(go_primoca)
IMP_LDL,4,4,24.7524752475248,How_important_are_these_services_to_you?_-_LibrarySearch_(go_primoca)
IMP_LEC,1,1,6.94444444444444,How_important_are_these_services_to_you?_-_Library_e-book_collections
IMP_LEC,2,2,22.6851851851852,How_important_are_these_services_to_you?_-_Library_e-book_collections
IMP_LEC,3,3,35.6481481481481,How_important_are_these_services_to_you?_-_Library_e-book_collections
IMP_LEC,4,4,34.7222222222222,How_important_are_these_services_to_you?_-_Library_e-book_collections
IMP_LIAC,1,1,10,How_important_are_these_services_to_you?_-_Library_research_instruction_for_academic_courses
IMP_LIAC,2,2,30.4761904761905,How_important_are_these_services_to_you?_-_Library_research_instruction_for_academic_courses
IMP_LIAC,3,3,31.9047619047619,How_important_are_these_services_to_you?_-_Library_research_instruction_for_academic_courses
IMP_LIAC,4,4,27.6190476190476,How_important_are_these_services_to_you?_-_Library_research_instruction_for_academic_courses
IMP_LRS,1,1,8.07174887892377,How_important_are_these_services_to_you?_-_Library_reference_research_services
IMP_LRS,2,2,24.6636771300448,How_important_are_these_services_to_you?_-_Library_reference_research_services
IMP_LRS,3,3,33.1838565022422,How_important_are_these_services_to_you?_-_Library_reference_research_services
IMP_LRS,4,4,34.0807174887892,How_important_are_these_services_to_you?_-_Library_reference_research_services
IMP_LSG,1,1,16.256157635468,How_important_are_these_services_to_you?_-_Library_subject_guides
IMP_LSG,2,2,33.4975369458128,How_important_are_these_services_to_you?_-_Library_subject_guides
IMP_LSG,3,3,29.064039408867,How_important_are_these_services_to_you?_-_Library_subject_guides
IMP_LSG,4,4,21.1822660098522,How_important_are_these_services_to_you?_-_Library_subject_guides
IMP_LSSR,1,1,9.30232558139535,How_important_are_these_services_to_you?_-_Library_support_for_your_scholarly_research
IMP_LSSR,2,2,28.8372093023256,How_important_are_these_services_to_you?_-_Library_support_for_your_scholarly_research
IMP_LSSR,3,3,27.4418604651163,How_important_are_these_services_to_you?_-_Library_support_for_your_scholarly_research
IMP_LSSR,4,4,34.4186046511628,How_important_are_these_services_to_you?_-_Library_support_for_your_scholarly_research
IMP_LWS,1,1,6.10328638497653,How_important_are_these_services_to_you?_-_Library_Web_site_(e.g._library_hours__policies)
IMP_LWS,2,2,20.6572769953052,How_important_are_these_services_to_you?_-_Library_Web_site_(e.g._library_hours__policies)
IMP_LWS,3,3,32.8638497652582,How_important_are_these_services_to_you?_-_Library_Web_site_(e.g._library_hours__policies)
IMP_LWS,4,4,40.3755868544601,How_important_are_these_services_to_you?_-_Library_Web_site_(e.g._library_hours__policies)
IMP_OCS,1,1,6.16113744075829,How_important_are_these_services_to_you?_-_Overall_computing_service
IMP_OCS,2,2,10.4265402843602,How_important_are_these_services_to_you?_-_Overall_computing_service
IMP_OCS,3,3,33.6492890995261,How_important_are_these_services_to_you?_-_Overall_computing_service
IMP_OCS,4,4,49.7630331753554,How_important_are_these_services_to_you?_-_Overall_computing_service
IMP_OLS,1,1,3.21100917431193,How_important_are_these_services_to_you?_-_Overall_library_service
IMP_OLS,2,2,8.25688073394496,How_important_are_these_services_to_you?_-_Overall_library_service
IMP_OLS,3,3,31.1926605504587,How_important_are_these_services_to_you?_-_Overall_library_service
IMP_OLS,4,4,57.3394495412844,How_important_are_these_services_to_you?_-_Overall_library_service
IMP_PCIL,1,1,8.95522388059701,How_important_are_these_services_to_you?_-_Physical_comfort_in_the_library_(e.g._seating__lighting)
IMP_PCIL,2,2,6.46766169154229,How_important_are_these_services_to_you?_-_Physical_comfort_in_the_library_(e.g._seating__lighting)
IMP_PCIL,3,3,26.3681592039801,How_important_are_these_services_to_you?_-_Physical_comfort_in_the_library_(e.g._seating__lighting)
IMP_PCIL,4,4,58.2089552238806,How_important_are_these_services_to_you?_-_Physical_comfort_in_the_library_(e.g._seating__lighting)
IMP_PCL,1,1,26.0416666666667,How_important_are_these_services_to_you?_-_Public_computers_in_the_library
IMP_PCL,2,2,17.7083333333333,How_important_are_these_services_to_you?_-_Public_computers_in_the_library
IMP_PCL,3,3,28.6458333333333,How_important_are_these_services_to_you?_-_Public_computers_in_the_library
IMP_PCL,4,4,27.6041666666667,How_important_are_these_services_to_you?_-_Public_computers_in_the_library
IMP_PWAC,1,1,2.4390243902439,How_important_are_these_services_to_you?_-_Performance_of_wireless_access_on_campus
IMP_PWAC,2,2,2.92682926829268,How_important_are_these_services_to_you?_-_Performance_of_wireless_access_on_campus
IMP_PWAC,3,3,13.1707317073171,How_important_are_these_services_to_you?_-_Performance_of_wireless_access_on_campus
IMP_PWAC,4,4,81.4634146341463,How_important_are_these_services_to_you?_-_Performance_of_wireless_access_on_campus
IMP_QWSL,1,1,8.41584158415842,How_important_are_these_services_to_you?_-_Quiet_work_space_in_the_library
IMP_QWSL,2,2,7.92079207920792,How_important_are_these_services_to_you?_-_Quiet_work_space_in_the_library
IMP_QWSL,3,3,23.7623762376238,How_important_are_these_services_to_you?_-_Quiet_work_space_in_the_library
IMP_QWSL,4,4,59.9009900990099,How_important_are_these_services_to_you?_-_Quiet_work_space_in_the_library
IMP_RVLC,1,1,8.82352941176471,How_important_are_these_services_to_you?_-_Range_of_viewpoints_represented_in_the_library's_collections
IMP_RVLC,2,2,20.0980392156863,How_important_are_these_services_to_you?_-_Range_of_viewpoints_represented_in_the_library's_collections
IMP_RVLC,3,3,30.3921568627451,How_important_are_these_services_to_you?_-_Range_of_viewpoints_represented_in_the_library's_collections
IMP_RVLC,4,4,40.6862745098039,How_important_are_these_services_to_you?_-_Range_of_viewpoints_represented_in_the_library's_collections
IMP_SDAV,1,1,10.8597285067873,How_important_are_these_services_to_you?_-_Support_for_digital_audio_video_creation
IMP_SDAV,2,2,21.7194570135747,How_important_are_these_services_to_you?_-_Support_for_digital_audio_video_creation
IMP_SDAV,3,3,24.4343891402715,How_important_are_these_services_to_you?_-_Support_for_digital_audio_video_creation
IMP_SDAV,4,4,42.9864253393665,How_important_are_these_services_to_you?_-_Support_for_digital_audio_video_creation
IMP_SGAIT,1,1,21.8181818181818,How_important_are_these_services_to_you?_-_Support_for_the_use_of_Generative_AI_Tools_(e.g.__ChatGPT__Bard__ChatPDF)
IMP_SGAIT,2,2,18.6363636363636,How_important_are_these_services_to_you?_-_Support_for_the_use_of_Generative_AI_Tools_(e.g.__ChatGPT__Bard__ChatPDF)
IMP_SGAIT,3,3,25.4545454545455,How_important_are_these_services_to_you?_-_Support_for_the_use_of_Generative_AI_Tools_(e.g.__ChatGPT__Bard__ChatPDF)
IMP_SGAIT,4,4,34.0909090909091,How_important_are_these_services_to_you?_-_Support_for_the_use_of_Generative_AI_Tools_(e.g.__ChatGPT__Bard__ChatPDF)
INF_AAT,1,1,31.6964285714286,How_informed_do_you_feel_you_are_about_the_following?_-_Availability_of_assistive_technologies_to_address_disabilities
INF_AAT,2,2,33.9285714285714,How_informed_do_you_feel_you_are_about_the_following?_-_Availability_of_assistive_technologies_to_address_disabilities
INF_AAT,3,3,25.8928571428571,How_informed_do_you_feel_you_are_about_the_following?_-_Availability_of_assistive_technologies_to_address_disabilities
INF_AAT,4,4,8.48214285714286,How_informed_do_you_feel_you_are_about_the_following?_-_Availability_of_assistive_technologies_to_address_disabilities
INF_ALS,1,1,8.81057268722467,How_informed_do_you_feel_you_are_about_the_following?_-_Available_library_services
INF_ALS,2,2,42.2907488986784,How_informed_do_you_feel_you_are_about_the_following?_-_Available_library_services
INF_ALS,3,3,37.0044052863436,How_informed_do_you_feel_you_are_about_the_following?_-_Available_library_services
INF_ALS,4,4,11.8942731277533,How_informed_do_you_feel_you_are_about_the_following?_-_Available_library_services
INF_ATRW,1,1,20.704845814978,How_informed_do_you_feel_you_are_about_the_following?_-_Availability_of_technology_learning_resources_and_workshops
INF_ATRW,2,2,41.8502202643172,How_informed_do_you_feel_you_are_about_the_following?_-_Availability_of_technology_learning_resources_and_workshops
INF_ATRW,3,3,27.7533039647577,How_informed_do_you_feel_you_are_about_the_following?_-_Availability_of_technology_learning_resources_and_workshops
INF_ATRW,4,4,9.69162995594714,How_informed_do_you_feel_you_are_about_the_following?_-_Availability_of_technology_learning_resources_and_workshops
INF_ATS,1,1,14.9122807017544,How_informed_do_you_feel_you_are_about_the_following?_-_Available_technology_services
INF_ATS,2,2,39.4736842105263,How_informed_do_you_feel_you_are_about_the_following?_-_Available_technology_services
INF_ATS,3,3,35.5263157894737,How_informed_do_you_feel_you_are_about_the_following?_-_Available_technology_services
INF_ATS,4,4,10.0877192982456,How_informed_do_you_feel_you_are_about_the_following?_-_Available_technology_services
INF_CLN,1,1,14.5374449339207,How_informed_do_you_feel_you_are_about_the_following?_-_Who_to_contact_for_your_library_needs
INF_CLN,2,2,37.4449339207048,How_informed_do_you_feel_you_are_about_the_following?_-_Who_to_contact_for_your_library_needs
INF_CLN,3,3,36.5638766519824,How_informed_do_you_feel_you_are_about_the_following?_-_Who_to_contact_for_your_library_needs
INF_CLN,4,4,11.4537444933921,How_informed_do_you_feel_you_are_about_the_following?_-_Who_to_contact_for_your_library_needs
INF_GAIT,1,1,19.5555555555556,How_informed_do_you_feel_you_are_about_the_following?_-_Generative_AI_tools_(e.g.__ChatGPT__Bard__ChatPDF)
INF_GAIT,2,2,33.7777777777778,How_informed_do_you_feel_you_are_about_the_following?_-_Generative_AI_tools_(e.g.__ChatGPT__Bard__ChatPDF)
INF_GAIT,3,3,35.1111111111111,How_informed_do_you_feel_you_are_about_the_following?_-_Generative_AI_tools_(e.g.__ChatGPT__Bard__ChatPDF)
INF_GAIT,4,4,11.5555555555556,How_informed_do_you_feel_you_are_about_the_following?_-_Generative_AI_tools_(e.g.__ChatGPT__Bard__ChatPDF)
INF_RMLC,1,1,31.7180616740088,How_informed_do_you_feel_you_are_about_the_following?_-_How_to_request_materials_be_added_to_the_library_collection
INF_RMLC,2,2,37.0044052863436,How_informed_do_you_feel_you_are_about_the_following?_-_How_to_request_materials_be_added_to_the_library_collection
INF_RMLC,3,3,23.7885462555066,How_informed_do_you_feel_you_are_about_the_following?_-_How_to_request_materials_be_added_to_the_library_collection
INF_RMLC,4,4,7.48898678414097,How_informed_do_you_feel_you_are_about_the_following?_-_How_to_request_materials_be_added_to_the_library_collection
INTER,1,0,52.4444444444444,Are_you_an_international_student_or_foreign_national?
INTER,2,1,47.5555555555556,Are_you_an_international_student_or_foreign_national?
LRN_CMS,1,1,31.6742081447964,How_interested_are_you_in_learning_more_about_the_following?_-_Canvas
LRN_CMS,2,2,29.4117647058824,How_interested_are_you_in_learning_more_about_the_following?_-_Canvas
LRN_CMS,3,3,26.6968325791855,How_interested_are_you_in_learning_more_about_the_following?_-_Canvas
LRN_CMS,4,4,12.2171945701357,How_interested_are_you_in_learning_more_about_the_following?_-_Canvas
LRN_GAIT,1,1,12.1621621621622,How_interested_are_you_in_learning_more_about_the_following?_-_Generative_AI_tools_(e.g.__ChatGPT__Bard__ChatPDF)
LRN_GAIT,2,2,20.2702702702703,How_interested_are_you_in_learning_more_about_the_following?_-_Generative_AI_tools_(e.g.__ChatGPT__Bard__ChatPDF)
LRN_GAIT,3,3,32.8828828828829,How_interested_are_you_in_learning_more_about_the_following?_-_Generative_AI_tools_(e.g.__ChatGPT__Bard__ChatPDF)
LRN_GAIT,4,4,34.6846846846847,How_interested_are_you_in_learning_more_about_the_following?_-_Generative_AI_tools_(e.g.__ChatGPT__Bard__ChatPDF)
LRN_LDB,1,1,13.0630630630631,How_interested_are_you_in_learning_more_about_the_following?_-_Library_databases_(e.g._JSTOR)
LRN_LDB,2,2,31.0810810810811,How_interested_are_you_in_learning_more_about_the_following?_-_Library_databases_(e.g._JSTOR)
LRN_LDB,3,3,36.9369369369369,How_interested_are_you_in_learning_more_about_the_following?_-_Library_databases_(e.g._JSTOR)
LRN_LDB,4,4,18.9189189189189,How_interested_are_you_in_learning_more_about_the_following?_-_Library_databases_(e.g._JSTOR)
LRN_LDL,1,1,13.963963963964,How_interested_are_you_in_learning_more_about_the_following?_-_LibrarySearch_(go_primoca)
LRN_LDL,2,2,33.3333333333333,How_interested_are_you_in_learning_more_about_the_following?_-_LibrarySearch_(go_primoca)
LRN_LDL,3,3,36.4864864864865,How_interested_are_you_in_learning_more_about_the_following?_-_LibrarySearch_(go_primoca)
LRN_LDL,4,4,16.2162162162162,How_interested_are_you_in_learning_more_about_the_following?_-_LibrarySearch_(go_primoca)
LRN_OOO,1,1,25.6880733944954,How_interested_are_you_in_learning_new_technical_or_research_skills_by_the_following_methods?_-_One-on-one_instruction
LRN_OOO,2,2,29.8165137614679,How_interested_are_you_in_learning_new_technical_or_research_skills_by_the_following_methods?_-_One-on-one_instruction
LRN_OOO,3,3,28.8990825688073,How_interested_are_you_in_learning_new_technical_or_research_skills_by_the_following_methods?_-_One-on-one_instruction
LRN_OOO,4,4,15.5963302752294,How_interested_are_you_in_learning_new_technical_or_research_skills_by_the_following_methods?_-_One-on-one_instruction
LRN_PGL,1,1,26.5116279069767,How_interested_are_you_in_learning_new_technical_or_research_skills_by_the_following_methods?_-_Peer_group_learning
LRN_PGL,2,2,33.4883720930233,How_interested_are_you_in_learning_new_technical_or_research_skills_by_the_following_methods?_-_Peer_group_learning
LRN_PGL,3,3,27.906976744186,How_interested_are_you_in_learning_new_technical_or_research_skills_by_the_following_methods?_-_Peer_group_learning
LRN_PGL,4,4,12.093023255814,How_interested_are_you_in_learning_new_technical_or_research_skills_by_the_following_methods?_-_Peer_group_learning
LRN_SDD,1,1,19.5348837209302,How_interested_are_you_in_learning_new_technical_or_research_skills_by_the_following_methods?_-_Self-directed_with_documentation
LRN_SDD,2,2,24.1860465116279,How_interested_are_you_in_learning_new_technical_or_research_skills_by_the_following_methods?_-_Self-directed_with_documentation
LRN_SDD,3,3,39.5348837209302,How_interested_are_you_in_learning_new_technical_or_research_skills_by_the_following_methods?_-_Self-directed_with_documentation
LRN_SDD,4,4,16.7441860465116,How_interested_are_you_in_learning_new_technical_or_research_skills_by_the_following_methods?_-_Self-directed_with_documentation
LRN_SDOT,1,1,12.7853881278539,How_interested_are_you_in_learning_new_technical_or_research_skills_by_the_following_methods?_-_Self-directed_with_online_tutorial
LRN_SDOT,2,2,23.7442922374429,How_interested_are_you_in_learning_new_technical_or_research_skills_by_the_following_methods?_-_Self-directed_with_online_tutorial
LRN_SDOT,3,3,41.5525114155251,How_interested_are_you_in_learning_new_technical_or_research_skills_by_the_following_methods?_-_Self-directed_with_online_tutorial
LRN_SDOT,4,4,21.9178082191781,How_interested_are_you_in_learning_new_technical_or_research_skills_by_the_following_methods?_-_Self-directed_with_online_tutorial
LRN_TE,1,1,26.5116279069767,How_interested_are_you_in_learning_new_technical_or_research_skills_by_the_following_methods?_-_Trial_and_error
LRN_TE,2,2,36.2790697674419,How_interested_are_you_in_learning_new_technical_or_research_skills_by_the_following_methods?_-_Trial_and_error
LRN_TE,3,3,26.046511627907,How_interested_are_you_in_learning_new_technical_or_research_skills_by_the_following_methods?_-_Trial_and_error
LRN_TE,4,4,11.1627906976744,How_interested_are_you_in_learning_new_technical_or_research_skills_by_the_following_methods?_-_Trial_and_error
LRN_WTS,1,1,13.3640552995392,How_interested_are_you_in_learning_new_technical_or_research_skills_by_the_following_methods?_-_Workshop_Training_Session
LRN_WTS,2,2,25.3456221198157,How_interested_are_you_in_learning_new_technical_or_research_skills_by_the_following_methods?_-_Workshop_Training_Session
LRN_WTS,3,3,42.3963133640553,How_interested_are_you_in_learning_new_technical_or_research_skills_by_the_following_methods?_-_Workshop_Training_Session
LRN_WTS,4,4,18.8940092165899,How_interested_are_you_in_learning_new_technical_or_research_skills_by_the_following_methods?_-_Workshop_Training_Session
SKL_CMS,1,2,1.80995475113122,How_would_you_describe_your_skill_level_with_the_following?_-_Canvas
SKL_CMS,2,3,28.5067873303167,How_would_you_describe_your_skill_level_with_the_following?_-_Canvas
SKL_CMS,3,4,51.5837104072398,How_would_you_describe_your_skill_level_with_the_following?_-_Canvas
SKL_CMS,4,5,18.0995475113122,How_would_you_describe_your_skill_level_with_the_following?_-_Canvas
SKL_GAIT,1,1,9.90990990990991,How_would_you_describe_your_skill_level_with_the_following?_-_Generative_AI_tools_(e.g.__ChatGPT__Bard__ChatPDF)
SKL_GAIT,2,2,14.4144144144144,How_would_you_describe_your_skill_level_with_the_following?_-_Generative_AI_tools_(e.g.__ChatGPT__Bard__ChatPDF)
SKL_GAIT,3,3,40.5405405405405,How_would_you_describe_your_skill_level_with_the_following?_-_Generative_AI_tools_(e.g.__ChatGPT__Bard__ChatPDF)
SKL_GAIT,4,4,28.3783783783784,How_would_you_describe_your_skill_level_with_the_following?_-_Generative_AI_tools_(e.g.__ChatGPT__Bard__ChatPDF)
SKL_GAIT,5,5,6.75675675675676,How_would_you_describe_your_skill_level_with_the_following?_-_Generative_AI_tools_(e.g.__ChatGPT__Bard__ChatPDF)
SKL_LDB,1,1,11.9266055045872,How_would_you_describe_your_skill_level_with_the_following?_-_Library_databases_(e.g._JSTOR)
SKL_LDB,2,2,17.8899082568807,How_would_you_describe_your_skill_level_with_the_following?_-_Library_databases_(e.g._JSTOR)
SKL_LDB,3,3,43.5779816513761,How_would_you_describe_your_skill_level_with_the_following?_-_Library_databases_(e.g._JSTOR)
SKL_LDB,4,4,21.5596330275229,How_would_you_describe_your_skill_level_with_the_following?_-_Library_databases_(e.g._JSTOR)
SKL_LDB,5,5,5.04587155963303,How_would_you_describe_your_skill_level_with_the_following?_-_Library_databases_(e.g._JSTOR)
SKL_LDL,1,1,19.0909090909091,How_would_you_describe_your_skill_level_with_the_following?_-_LibrarySearch_(go_primoca)
SKL_LDL,2,2,22.7272727272727,How_would_you_describe_your_skill_level_with_the_following?_-_LibrarySearch_(go_primoca)
SKL_LDL,3,3,40.9090909090909,How_would_you_describe_your_skill_level_with_the_following?_-_LibrarySearch_(go_primoca)
SKL_LDL,4,4,15,How_would_you_describe_your_skill_level_with_the_following?_-_LibrarySearch_(go_primoca)
SKL_LDL,5,5,2.27272727272727,How_would_you_describe_your_skill_level_with_the_following?_-_LibrarySearch_(go_primoca)
UAP_SLR,1,0,32.4324324324324,Do_you_use_the_following_tools_for_academic_purposes?_-_Library_research
UAP_SLR,2,1,67.5675675675676,Do_you_use_the_following_tools_for_academic_purposes?_-_Library_research
USE_BL,1,1,89.1666666666667,Over_the_course_of_a_semester__on_average__how_often_do_you_use_the_following_services?_-_Borrowing_laptops
USE_BL,2,2,7.5,Over_the_course_of_a_semester__on_average__how_often_do_you_use_the_following_services?_-_Borrowing_laptops
USE_BL,3,3,1.66666666666667,Over_the_course_of_a_semester__on_average__how_often_do_you_use_the_following_services?_-_Borrowing_laptops
USE_BL,4,4,0.416666666666667,Over_the_course_of_a_semester__on_average__how_often_do_you_use_the_following_services?_-_Borrowing_laptops
USE_BL,5,5,1.25,Over_the_course_of_a_semester__on_average__how_often_do_you_use_the_following_services?_-_Borrowing_laptops
USE_BTE,1,1,80.7531380753138,Over_the_course_of_a_semester__on_average__how_often_do_you_use_the_following_services?_-_Borrowing_technology_equipment
USE_BTE,2,2,15.8995815899582,Over_the_course_of_a_semester__on_average__how_often_do_you_use_the_following_services?_-_Borrowing_technology_equipment
USE_BTE,3,3,2.09205020920502,Over_the_course_of_a_semester__on_average__how_often_do_you_use_the_following_services?_-_Borrowing_technology_equipment
USE_BTE,4,5,1.25523012552301,Over_the_course_of_a_semester__on_average__how_often_do_you_use_the_following_services?_-_Borrowing_technology_equipment
USE_CMS,1,2,1.2396694214876,Over_the_course_of_a_semester__on_average__how_often_do_you_use_the_following_services?_-_Canvas
USE_CMS,2,3,0.413223140495868,Over_the_course_of_a_semester__on_average__how_often_do_you_use_the_following_services?_-_Canvas
USE_CMS,3,4,4.13223140495868,Over_the_course_of_a_semester__on_average__how_often_do_you_use_the_following_services?_-_Canvas
USE_CMS,4,5,94.2148760330578,Over_the_course_of_a_semester__on_average__how_often_do_you_use_the_following_services?_-_Canvas
USE_CMSAS,1,1,1.2448132780083,Over_the_course_of_a_semester__on_average__how_often_do_you_use_the_following_services?_-_Canvas_assignment_submission
USE_CMSAS,2,2,3.7344398340249,Over_the_course_of_a_semester__on_average__how_often_do_you_use_the_following_services?_-_Canvas_assignment_submission
USE_CMSAS,3,3,9.95850622406639,Over_the_course_of_a_semester__on_average__how_often_do_you_use_the_following_services?_-_Canvas_assignment_submission
USE_CMSAS,4,4,20.3319502074689,Over_the_course_of_a_semester__on_average__how_often_do_you_use_the_following_services?_-_Canvas_assignment_submission
USE_CMSAS,5,5,64.7302904564315,Over_the_course_of_a_semester__on_average__how_often_do_you_use_the_following_services?_-_Canvas_assignment_submission
USE_CMSGB,1,1,21.5189873417722,Over_the_course_of_a_semester__on_average__how_often_do_you_use_the_following_services?_-_Canvas_grade_book
USE_CMSGB,2,2,18.1434599156118,Over_the_course_of_a_semester__on_average__how_often_do_you_use_the_following_services?_-_Canvas_grade_book
USE_CMSGB,3,3,19.831223628692,Over_the_course_of_a_semester__on_average__how_often_do_you_use_the_following_services?_-_Canvas_grade_book
USE_CMSGB,4,4,20.253164556962,Over_the_course_of_a_semester__on_average__how_often_do_you_use_the_following_services?_-_Canvas_grade_book
USE_CMSGB,5,5,20.253164556962,Over_the_course_of_a_semester__on_average__how_often_do_you_use_the_following_services?_-_Canvas_grade_book
USE_CMSOQ,1,1,21.1864406779661,Over_the_course_of_a_semester__on_average__how_often_do_you_use_the_following_services?_-_Canvas_online_quizzes
USE_CMSOQ,2,2,21.6101694915254,Over_the_course_of_a_semester__on_average__how_often_do_you_use_the_following_services?_-_Canvas_online_quizzes
USE_CMSOQ,3,3,19.0677966101695,Over_the_course_of_a_semester__on_average__how_often_do_you_use_the_following_services?_-_Canvas_online_quizzes
USE_CMSOQ,4,4,21.1864406779661,Over_the_course_of_a_semester__on_average__how_often_do_you_use_the_following_services?_-_Canvas_online_quizzes
USE_CMSOQ,5,5,16.9491525423729,Over_the_course_of_a_semester__on_average__how_often_do_you_use_the_following_services?_-_Canvas_online_quizzes
USE_CS,1,1,12.1848739495798,Over_the_course_of_a_semester__on_average__how_often_do_you_use_the_following_services?_-_Online_collaborative_software
USE_CS,2,2,13.8655462184874,Over_the_course_of_a_semester__on_average__how_often_do_you_use_the_following_services?_-_Online_collaborative_software
USE_CS,3,3,14.7058823529412,Over_the_course_of_a_semester__on_average__how_often_do_you_use_the_following_services?_-_Online_collaborative_software
USE_CS,4,4,21.4285714285714,Over_the_course_of_a_semester__on_average__how_often_do_you_use_the_following_services?_-_Online_collaborative_software
USE_CS,5,5,37.8151260504202,Over_the_course_of_a_semester__on_average__how_often_do_you_use_the_following_services?_-_Online_collaborative_software
USE_FPC,1,1,47.2803347280335,Over_the_course_of_a_semester__on_average__how_often_do_you_use_the_following_services?_-_Technology_help_desk
USE_FPC,2,2,37.2384937238494,Over_the_course_of_a_semester__on_average__how_often_do_you_use_the_following_services?_-_Technology_help_desk
USE_FPC,3,3,11.7154811715481,Over_the_course_of_a_semester__on_average__how_often_do_you_use_the_following_services?_-_Technology_help_desk
USE_FPC,4,4,2.51046025104602,Over_the_course_of_a_semester__on_average__how_often_do_you_use_the_following_services?_-_Technology_help_desk
USE_FPC,5,5,1.25523012552301,Over_the_course_of_a_semester__on_average__how_often_do_you_use_the_following_services?_-_Technology_help_desk
USE_GAIT,1,1,18.3333333333333,Over_the_course_of_a_semester__on_average__how_often_do_you_use_the_following_services?_-_Generative_AI_tools_(e.g.__ChatGPT__Bard__ChatPDF)_for_academic_or_work_purposes
USE_GAIT,2,2,13.3333333333333,Over_the_course_of_a_semester__on_average__how_often_do_you_use_the_following_services?_-_Generative_AI_tools_(e.g.__ChatGPT__Bard__ChatPDF)_for_academic_or_work_purposes
USE_GAIT,3,3,17.9166666666667,Over_the_course_of_a_semester__on_average__how_often_do_you_use_the_following_services?_-_Generative_AI_tools_(e.g.__ChatGPT__Bard__ChatPDF)_for_academic_or_work_purposes
USE_GAIT,4,4,22.9166666666667,Over_the_course_of_a_semester__on_average__how_often_do_you_use_the_following_services?_-_Generative_AI_tools_(e.g.__ChatGPT__Bard__ChatPDF)_for_academic_or_work_purposes
USE_GAIT,5,5,27.5,Over_the_course_of_a_semester__on_average__how_often_do_you_use_the_following_services?_-_Generative_AI_tools_(e.g.__ChatGPT__Bard__ChatPDF)_for_academic_or_work_purposes
USE_GSSL,1,1,40.6639004149378,Over_the_course_of_a_semester__on_average__how_often_do_you_use_the_following_services?_-_Group_study_spaces_in_the_library
USE_GSSL,2,2,18.6721991701245,Over_the_course_of_a_semester__on_average__how_often_do_you_use_the_following_services?_-_Group_study_spaces_in_the_library
USE_GSSL,3,3,14.5228215767635,Over_the_course_of_a_semester__on_average__how_often_do_you_use_the_following_services?_-_Group_study_spaces_in_the_library
USE_GSSL,4,4,13.6929460580913,Over_the_course_of_a_semester__on_average__how_often_do_you_use_the_following_services?_-_Group_study_spaces_in_the_library
USE_GSSL,5,5,12.448132780083,Over_the_course_of_a_semester__on_average__how_often_do_you_use_the_following_services?_-_Group_study_spaces_in_the_library
USE_ILL,1,1,70.2928870292887,Over_the_course_of_a_semester__on_average__how_often_do_you_use_the_following_services?_-_Interlibrary_loan
USE_ILL,2,2,23.0125523012552,Over_the_course_of_a_semester__on_average__how_often_do_you_use_the_following_services?_-_Interlibrary_loan
USE_ILL,3,3,3.76569037656904,Over_the_course_of_a_semester__on_average__how_often_do_you_use_the_following_services?_-_Interlibrary_loan
USE_ILL,4,4,1.25523012552301,Over_the_course_of_a_semester__on_average__how_often_do_you_use_the_following_services?_-_Interlibrary_loan
USE_ILL,5,5,1.67364016736402,Over_the_course_of_a_semester__on_average__how_often_do_you_use_the_following_services?_-_Interlibrary_loan
USE_LC,1,1,50.6329113924051,Over_the_course_of_a_semester__on_average__how_often_do_you_use_the_following_services?_-_Physical_library_collections
USE_LC,2,2,28.2700421940928,Over_the_course_of_a_semester__on_average__how_often_do_you_use_the_following_services?_-_Physical_library_collections
USE_LC,3,3,14.7679324894515,Over_the_course_of_a_semester__on_average__how_often_do_you_use_the_following_services?_-_Physical_library_collections
USE_LC,4,4,4.21940928270042,Over_the_course_of_a_semester__on_average__how_often_do_you_use_the_following_services?_-_Physical_library_collections
USE_LC,5,5,2.10970464135021,Over_the_course_of_a_semester__on_average__how_often_do_you_use_the_following_services?_-_Physical_library_collections
USE_LDB,1,1,32.2175732217573,Over_the_course_of_a_semester__on_average__how_often_do_you_use_the_following_services?_-_Library_databases_(e.g._JSTOR)
USE_LDB,2,2,26.7782426778243,Over_the_course_of_a_semester__on_average__how_often_do_you_use_the_following_services?_-_Library_databases_(e.g._JSTOR)
USE_LDB,3,3,18.4100418410042,Over_the_course_of_a_semester__on_average__how_often_do_you_use_the_following_services?_-_Library_databases_(e.g._JSTOR)
USE_LDB,4,4,13.8075313807531,Over_the_course_of_a_semester__on_average__how_often_do_you_use_the_following_services?_-_Library_databases_(e.g._JSTOR)
USE_LDB,5,5,8.78661087866109,Over_the_course_of_a_semester__on_average__how_often_do_you_use_the_following_services?_-_Library_databases_(e.g._JSTOR)
USE_LDL,1,1,41.8410041841004,Over_the_course_of_a_semester__on_average__how_often_do_you_use_the_following_services?_-_LibrarySearch_(go_primoca)
USE_LDL,2,2,27.6150627615063,Over_the_course_of_a_semester__on_average__how_often_do_you_use_the_following_services?_-_LibrarySearch_(go_primoca)
USE_LDL,3,3,19.6652719665272,Over_the_course_of_a_semester__on_average__how_often_do_you_use_the_following_services?_-_LibrarySearch_(go_primoca)
USE_LDL,4,4,7.94979079497908,Over_the_course_of_a_semester__on_average__how_often_do_you_use_the_following_services?_-_LibrarySearch_(go_primoca)
USE_LDL,5,5,2.92887029288703,Over_the_course_of_a_semester__on_average__how_often_do_you_use_the_following_services?_-_LibrarySearch_(go_primoca)
USE_LEC,1,1,38.75,Over_the_course_of_a_semester__on_average__how_often_do_you_use_the_following_services?_-_Library_e-book_collections
USE_LEC,2,2,32.0833333333333,Over_the_course_of_a_semester__on_average__how_often_do_you_use_the_following_services?_-_Library_e-book_collections
USE_LEC,3,3,21.6666666666667,Over_the_course_of_a_semester__on_average__how_often_do_you_use_the_following_services?_-_Library_e-book_collections
USE_LEC,4,4,5.41666666666667,Over_the_course_of_a_semester__on_average__how_often_do_you_use_the_following_services?_-_Library_e-book_collections
USE_LEC,5,5,2.08333333333333,Over_the_course_of_a_semester__on_average__how_often_do_you_use_the_following_services?_-_Library_e-book_collections
USE_LRS,1,1,18.4100418410042,Over_the_course_of_a_semester__on_average__how_often_do_you_use_the_following_services?_-_Library_reference_research_services
USE_LRS,2,2,33.0543933054393,Over_the_course_of_a_semester__on_average__how_often_do_you_use_the_following_services?_-_Library_reference_research_services
USE_LRS,3,3,29.7071129707113,Over_the_course_of_a_semester__on_average__how_often_do_you_use_the_following_services?_-_Library_reference_research_services
USE_LRS,4,4,12.5523012552301,Over_the_course_of_a_semester__on_average__how_often_do_you_use_the_following_services?_-_Library_reference_research_services
USE_LRS,5,5,6.27615062761506,Over_the_course_of_a_semester__on_average__how_often_do_you_use_the_following_services?_-_Library_reference_research_services
USE_LSG,1,1,56.9620253164557,Over_the_course_of_a_semester__on_average__how_often_do_you_use_the_following_services?_-_Library_subject_guides
USE_LSG,2,2,27.0042194092827,Over_the_course_of_a_semester__on_average__how_often_do_you_use_the_following_services?_-_Library_subject_guides
USE_LSG,3,3,12.6582278481013,Over_the_course_of_a_semester__on_average__how_often_do_you_use_the_following_services?_-_Library_subject_guides
USE_LSG,4,4,2.9535864978903,Over_the_course_of_a_semester__on_average__how_often_do_you_use_the_following_services?_-_Library_subject_guides
USE_LSG,5,5,0.421940928270042,Over_the_course_of_a_semester__on_average__how_often_do_you_use_the_following_services?_-_Library_subject_guides
USE_LWS,1,1,37.9166666666667,Over_the_course_of_a_semester__on_average__how_often_do_you_use_the_following_services?_-_Library_Web_site_(e.g._library_hours__policies)
USE_LWS,2,2,32.0833333333333,Over_the_course_of_a_semester__on_average__how_often_do_you_use_the_following_services?_-_Library_Web_site_(e.g._library_hours__policies)
USE_LWS,3,3,22.0833333333333,Over_the_course_of_a_semester__on_average__how_often_do_you_use_the_following_services?_-_Library_Web_site_(e.g._library_hours__policies)
USE_LWS,4,4,5,Over_the_course_of_a_semester__on_average__how_often_do_you_use_the_following_services?_-_Library_Web_site_(e.g._library_hours__policies)
USE_LWS,5,5,2.91666666666667,Over_the_course_of_a_semester__on_average__how_often_do_you_use_the_following_services?_-_Library_Web_site_(e.g._library_hours__policies)
USE_PCL,1,1,55.1867219917012,Over_the_course_of_a_semester__on_average__how_often_do_you_use_the_following_services?_-_Public_computers_in_the_library
USE_PCL,2,2,23.2365145228216,Over_the_course_of_a_semester__on_average__how_often_do_you_use_the_following_services?_-_Public_computers_in_the_library
USE_PCL,3,3,15.3526970954357,Over_the_course_of_a_semester__on_average__how_often_do_you_use_the_following_services?_-_Public_computers_in_the_library
USE_PCL,4,4,4.149377593361,Over_the_course_of_a_semester__on_average__how_often_do_you_use_the_following_services?_-_Public_computers_in_the_library
USE_PCL,5,5,2.0746887966805,Over_the_course_of_a_semester__on_average__how_often_do_you_use_the_following_services?_-_Public_computers_in_the_library
USE_QWSL,1,1,31.9502074688797,Over_the_course_of_a_semester__on_average__how_often_do_you_use_the_following_services?_-_Quiet_work_space_in_the_library
USE_QWSL,2,2,14.9377593360996,Over_the_course_of_a_semester__on_average__how_often_do_you_use_the_following_services?_-_Quiet_work_space_in_the_library
USE_QWSL,3,3,15.3526970954357,Over_the_course_of_a_semester__on_average__how_often_do_you_use_the_following_services?_-_Quiet_work_space_in_the_library
USE_QWSL,4,4,19.0871369294606,Over_the_course_of_a_semester__on_average__how_often_do_you_use_the_following_services?_-_Quiet_work_space_in_the_library
USE_QWSL,5,5,18.6721991701245,Over_the_course_of_a_semester__on_average__how_often_do_you_use_the_following_services?_-_Quiet_work_space_in_the_library
